algoritmo,entrada,n,rep,comparacoes,movimentos
insertion_sort,aleatorio,1000,0,243440,242448
selection_sort,aleatorio,1000,0,499500,999
mergesort,aleatorio,1000,0,9976,19952
heapsort,aleatorio,1000,0,16835,9086
quicksort,aleatorio,1000,0,11456,6987
quicksort_aleatorio,aleatorio,1000,0,11777,6343
quicksort_mm,aleatorio,1000,0,26521,18333
insertion_sort,aleatorio,1000,1,245156,244161
selection_sort,aleatorio,1000,1,499500,999
mergesort,aleatorio,1000,1,9976,19952
heapsort,aleatorio,1000,1,16834,9083
quicksort,aleatorio,1000,1,12015,7702
quicksort_aleatorio,aleatorio,1000,1,10773,6581
quicksort_mm,aleatorio,1000,1,26879,18597
insertion_sort,aleatorio,1000,2,251180,250186
selection_sort,aleatorio,1000,2,499500,999
mergesort,aleatorio,1000,2,9976,19952
heapsort,aleatorio,1000,2,16829,9040
quicksort,aleatorio,1000,2,12222,6829
quicksort_aleatorio,aleatorio,1000,2,11184,7033
quicksort_mm,aleatorio,1000,2,27034,18838
insertion_sort,aleatorio,1000,3,248715,247727
selection_sort,aleatorio,1000,3,499500,999
mergesort,aleatorio,1000,3,9976,19952
heapsort,aleatorio,1000,3,16846,9081
quicksort,aleatorio,1000,3,10480,6439
quicksort_aleatorio,aleatorio,1000,3,11386,7443
quicksort_mm,aleatorio,1000,3,27061,18804
insertion_sort,aleatorio,1000,4,243382,242385
selection_sort,aleatorio,1000,4,499500,999
mergesort,aleatorio,1000,4,9976,19952
heapsort,aleatorio,1000,4,16857,9075
quicksort,aleatorio,1000,4,10631,6184
quicksort_aleatorio,aleatorio,1000,4,10836,7023
quicksort_mm,aleatorio,1000,4,26715,18507
insertion_sort,aleatorio,2000,0,971028,969034
selection_sort,aleatorio,2000,0,1999000,1999
mergesort,aleatorio,2000,0,21952,43904
heapsort,aleatorio,2000,0,37741,20184
quicksort,aleatorio,2000,0,24006,12636
quicksort_aleatorio,aleatorio,2000,0,24981,15095
quicksort_mm,aleatorio,2000,0,60884,41904
insertion_sort,aleatorio,2000,1,984916,982923
selection_sort,aleatorio,2000,1,1999000,1999
mergesort,aleatorio,2000,1,21952,43904
heapsort,aleatorio,2000,1,37696,20145
quicksort,aleatorio,2000,1,24640,15324
quicksort_aleatorio,aleatorio,2000,1,23748,14545
quicksort_mm,aleatorio,2000,1,61554,42345
insertion_sort,aleatorio,2000,2,985667,983675
selection_sort,aleatorio,2000,2,1999000,1999
mergesort,aleatorio,2000,2,21952,43904
heapsort,aleatorio,2000,2,37751,20209
quicksort,aleatorio,2000,2,24609,13162
quicksort_aleatorio,aleatorio,2000,2,26145,16995
quicksort_mm,aleatorio,2000,2,60866,41941
insertion_sort,aleatorio,2000,3,1010169,1008177
selection_sort,aleatorio,2000,3,1999000,1999
mergesort,aleatorio,2000,3,21952,43904
heapsort,aleatorio,2000,3,37727,20169
quicksort,aleatorio,2000,3,25838,13425
quicksort_aleatorio,aleatorio,2000,3,23220,14231
quicksort_mm,aleatorio,2000,3,61519,42380
insertion_sort,aleatorio,2000,4,1000987,998993
selection_sort,aleatorio,2000,4,1999000,1999
mergesort,aleatorio,2000,4,21952,43904
heapsort,aleatorio,2000,4,37801,20199
quicksort,aleatorio,2000,4,24791,13622
quicksort_aleatorio,aleatorio,2000,4,25031,14038
quicksort_mm,aleatorio,2000,4,61172,42067
insertion_sort,aleatorio,5000,0,6258304,6253308
selection_sort,aleatorio,5000,0,12497500,4999
mergesort,aleatorio,5000,0,61808,123616
heapsort,aleatorio,5000,0,107656,57072
quicksort,aleatorio,5000,0,78235,44424
quicksort_aleatorio,aleatorio,5000,0,75538,48304
quicksort_mm,aleatorio,5000,0,180191,123273
insertion_sort,aleatorio,5000,1,6212883,6207894
selection_sort,aleatorio,5000,1,12497500,4999
mergesort,aleatorio,5000,1,61808,123616
heapsort,aleatorio,5000,1,107586,57060
quicksort,aleatorio,5000,1,73037,34089
quicksort_aleatorio,aleatorio,5000,1,68856,40842
quicksort_mm,aleatorio,5000,1,180071,123117
insertion_sort,aleatorio,5000,2,6230624,6225633
selection_sort,aleatorio,5000,2,12497500,4999
mergesort,aleatorio,5000,2,61808,123616
heapsort,aleatorio,5000,2,107745,57161
quicksort,aleatorio,5000,2,71154,38500
quicksort_aleatorio,aleatorio,5000,2,72437,42548
quicksort_mm,aleatorio,5000,2,179860,123035
insertion_sort,aleatorio,5000,3,6237691,6232703
selection_sort,aleatorio,5000,3,12497500,4999
mergesort,aleatorio,5000,3,61808,123616
heapsort,aleatorio,5000,3,107638,57065
quicksort,aleatorio,5000,3,66376,36372
quicksort_aleatorio,aleatorio,5000,3,68989,43050
quicksort_mm,aleatorio,5000,3,179592,122802
insertion_sort,aleatorio,5000,4,6362099,6357112
selection_sort,aleatorio,5000,4,12497500,4999
mergesort,aleatorio,5000,4,61808,123616
heapsort,aleatorio,5000,4,107599,56982
quicksort,aleatorio,5000,4,72215,36668
quicksort_aleatorio,aleatorio,5000,4,76079,44193
quicksort_mm,aleatorio,5000,4,178516,121320
insertion_sort,aleatorio,10000,0,24841258,24831268
selection_sort,aleatorio,10000,0,49995000,9999
mergesort,aleatorio,10000,0,133616,267232
heapsort,aleatorio,10000,0,235478,124276
quicksort,aleatorio,10000,0,149333,80118
quicksort_aleatorio,aleatorio,10000,0,155764,88985
quicksort_mm,aleatorio,10000,0,397732,269099
insertion_sort,aleatorio,10000,1,25037031,25027040
selection_sort,aleatorio,10000,1,49995000,9999
mergesort,aleatorio,10000,1,133616,267232
heapsort,aleatorio,10000,1,235281,124084
quicksort,aleatorio,10000,1,154807,91006
quicksort_aleatorio,aleatorio,10000,1,171884,102841
quicksort_mm,aleatorio,10000,1,398628,270728
insertion_sort,aleatorio,10000,2,24979789,24969797
selection_sort,aleatorio,10000,2,49995000,9999
mergesort,aleatorio,10000,2,133616,267232
heapsort,aleatorio,10000,2,235373,124241
quicksort,aleatorio,10000,2,152369,90911
quicksort_aleatorio,aleatorio,10000,2,150605,83258
quicksort_mm,aleatorio,10000,2,391883,266640
insertion_sort,aleatorio,10000,3,24834257,24824267
selection_sort,aleatorio,10000,3,49995000,9999
mergesort,aleatorio,10000,3,133616,267232
heapsort,aleatorio,10000,3,235470,124387
quicksort,aleatorio,10000,3,148927,86404
quicksort_aleatorio,aleatorio,10000,3,147375,81902
quicksort_mm,aleatorio,10000,3,398660,271303
insertion_sort,aleatorio,10000,4,25129295,25119305
selection_sort,aleatorio,10000,4,49995000,9999
mergesort,aleatorio,10000,4,133616,267232
heapsort,aleatorio,10000,4,235414,124207
quicksort,aleatorio,10000,4,158409,82155
quicksort_aleatorio,aleatorio,10000,4,162382,84361
quicksort_mm,aleatorio,10000,4,397374,269335
insertion_sort,aleatorio,20000,0,99540945,99520959
selection_sort,aleatorio,20000,0,199990000,19999
mergesort,aleatorio,20000,0,287232,574464
heapsort,aleatorio,20000,0,510804,268391
quicksort,aleatorio,20000,0,331867,174362
quicksort_aleatorio,aleatorio,20000,0,323239,181857
quicksort_mm,aleatorio,20000,0,878498,594658
insertion_sort,aleatorio,20000,1,99375776,99355786
selection_sort,aleatorio,20000,1,199990000,19999
mergesort,aleatorio,20000,1,287232,574464
heapsort,aleatorio,20000,1,510693,268392
quicksort,aleatorio,20000,1,324957,181922
quicksort_aleatorio,aleatorio,20000,1,342902,188551
quicksort_mm,aleatorio,20000,1,877943,591771
insertion_sort,aleatorio,20000,2,99914396,99894402
selection_sort,aleatorio,20000,2,199990000,19999
mergesort,aleatorio,20000,2,287232,574464
heapsort,aleatorio,20000,2,510857,268438
quicksort,aleatorio,20000,2,339746,178242
quicksort_aleatorio,aleatorio,20000,2,345072,191298
quicksort_mm,aleatorio,20000,2,881329,597798
insertion_sort,aleatorio,20000,3,100011522,99991528
selection_sort,aleatorio,20000,3,199990000,19999
mergesort,aleatorio,20000,3,287232,574464
heapsort,aleatorio,20000,3,510660,268360
quicksort,aleatorio,20000,3,340307,179319
quicksort_aleatorio,aleatorio,20000,3,330764,201827
quicksort_mm,aleatorio,20000,3,879599,595864
insertion_sort,aleatorio,20000,4,101128423,101108434
selection_sort,aleatorio,20000,4,199990000,19999
mergesort,aleatorio,20000,4,287232,574464
heapsort,aleatorio,20000,4,510444,268162
quicksort,aleatorio,20000,4,333436,184668
quicksort_aleatorio,aleatorio,20000,4,342560,202439
quicksort_mm,aleatorio,20000,4,880103,596650
insertion_sort,aleatorio,50000,0,622997113,622947123
selection_sort,aleatorio,50000,0,1249975000,49999
mergesort,aleatorio,50000,0,784464,1568928
heapsort,aleatorio,50000,0,1410101,737726
quicksort,aleatorio,50000,0,978686,468922
quicksort_aleatorio,aleatorio,50000,0,960876,527441
quicksort_mm,aleatorio,50000,0,2454171,1657292
insertion_sort,aleatorio,50000,1,627172866,627122873
selection_sort,aleatorio,50000,1,1249975000,49999
mergesort,aleatorio,50000,1,784464,1568928
heapsort,aleatorio,50000,1,1409679,737400
quicksort,aleatorio,50000,1,940082,510336
quicksort_aleatorio,aleatorio,50000,1,906114,528397
quicksort_mm,aleatorio,50000,1,2466768,1664217
insertion_sort,aleatorio,50000,2,622299086,622249094
selection_sort,aleatorio,50000,2,1249975000,49999
mergesort,aleatorio,50000,2,784464,1568928
heapsort,aleatorio,50000,2,1409827,737518
quicksort,aleatorio,50000,2,945011,489175
quicksort_aleatorio,aleatorio,50000,2,922828,525809
quicksort_mm,aleatorio,50000,2,2472634,1671538
insertion_sort,aleatorio,50000,3,623774178,623724192
selection_sort,aleatorio,50000,3,1249975000,49999
mergesort,aleatorio,50000,3,784464,1568928
heapsort,aleatorio,50000,3,1409856,737612
quicksort,aleatorio,50000,3,937605,486240
quicksort_aleatorio,aleatorio,50000,3,928400,510360
quicksort_mm,aleatorio,50000,3,2462806,1661828
insertion_sort,aleatorio,50000,4,625736328,625686340
selection_sort,aleatorio,50000,4,1249975000,49999
mergesort,aleatorio,50000,4,784464,1568928
heapsort,aleatorio,50000,4,1409914,737482
quicksort,aleatorio,50000,4,907659,496573
quicksort_aleatorio,aleatorio,50000,4,926523,506037
quicksort_mm,aleatorio,50000,4,2463773,1661430
insertion_sort,aleatorio,100000,0,2501112588,2501012597
selection_sort,aleatorio,100000,0,4999950000,99999
mergesort,aleatorio,100000,0,1668928,3337856
heapsort,aleatorio,100000,0,3020108,1575135
quicksort,aleatorio,100000,0,1976025,1103943
quicksort_aleatorio,aleatorio,100000,0,1969299,1119902
quicksort_mm,aleatorio,100000,0,5338081,3592876
insertion_sort,aleatorio,100000,1,2498087210,2497987220
selection_sort,aleatorio,100000,1,4999950000,99999
mergesort,aleatorio,100000,1,1668928,3337856
heapsort,aleatorio,100000,1,3020095,1575165
quicksort,aleatorio,100000,1,2017479,1106735
quicksort_aleatorio,aleatorio,100000,1,2141231,1198330
quicksort_mm,aleatorio,100000,1,5292590,3551051
insertion_sort,aleatorio,100000,2,2495549571,2495449586
selection_sort,aleatorio,100000,2,4999950000,99999
mergesort,aleatorio,100000,2,1668928,3337856
heapsort,aleatorio,100000,2,3019903,1575045
quicksort,aleatorio,100000,2,2002018,1086687
quicksort_aleatorio,aleatorio,100000,2,1986463,1118833
quicksort_mm,aleatorio,100000,2,5348070,3591562
insertion_sort,aleatorio,100000,3,2495856004,2495756015
selection_sort,aleatorio,100000,3,4999950000,99999
mergesort,aleatorio,100000,3,1668928,3337856
heapsort,aleatorio,100000,3,3019437,1574880
quicksort,aleatorio,100000,3,2033319,1097186
quicksort_aleatorio,aleatorio,100000,3,1952871,1147016
quicksort_mm,aleatorio,100000,3,5324669,3581485
insertion_sort,aleatorio,100000,4,2496369796,2496269813
selection_sort,aleatorio,100000,4,4999950000,99999
mergesort,aleatorio,100000,4,1668928,3337856
heapsort,aleatorio,100000,4,3019539,1574722
quicksort,aleatorio,100000,4,1979110,1060421
quicksort_aleatorio,aleatorio,100000,4,2053311,1099574
quicksort_mm,aleatorio,100000,4,5343777,3592033
insertion_sort,aleatorio,200000,0,9987153661,9986953668
selection_sort,aleatorio,200000,0,19999900000,199999
mergesort,aleatorio,200000,0,3537856,7075712
heapsort,aleatorio,200000,0,6439508,3350232
quicksort,aleatorio,200000,0,4254199,2117985
quicksort_aleatorio,aleatorio,200000,0,4276961,2429442
quicksort_mm,aleatorio,200000,0,11521047,7720378
insertion_sort,aleatorio,200000,1,10001297208,10001097225
selection_sort,aleatorio,200000,1,19999900000,199999
mergesort,aleatorio,200000,1,3537856,7075712
heapsort,aleatorio,200000,1,6439275,3349785
quicksort,aleatorio,200000,1,4390365,2232740
quicksort_aleatorio,aleatorio,200000,1,4317647,2439252
quicksort_mm,aleatorio,200000,1,11547827,7761888
insertion_sort,aleatorio,200000,2,10001130614,10000930624
selection_sort,aleatorio,200000,2,19999900000,199999
mergesort,aleatorio,200000,2,3537856,7075712
heapsort,aleatorio,200000,2,6439974,3350216
quicksort,aleatorio,200000,2,4788449,2140192
quicksort_aleatorio,aleatorio,200000,2,4319780,2564254
quicksort_mm,aleatorio,200000,2,11552949,7758875
insertion_sort,aleatorio,200000,3,9985167933,9984967945
selection_sort,aleatorio,200000,3,19999900000,199999
mergesort,aleatorio,200000,3,3537856,7075712
heapsort,aleatorio,200000,3,6439995,3350367
quicksort,aleatorio,200000,3,4366002,2493540
quicksort_aleatorio,aleatorio,200000,3,4438183,2515771
quicksort_mm,aleatorio,200000,3,11578455,7788095
insertion_sort,aleatorio,200000,4,9981727436,9981527452
selection_sort,aleatorio,200000,4,19999900000,199999
mergesort,aleatorio,200000,4,3537856,7075712
heapsort,aleatorio,200000,4,6438563,3349188
quicksort,aleatorio,200000,4,4641497,2511681
quicksort_aleatorio,aleatorio,200000,4,4374397,2671621
quicksort_mm,aleatorio,200000,4,11547711,7757342
insertion_sort,aleatorio,500000,0,62566997948,62566497957
selection_sort,aleatorio,500000,0,124999750000,499999
mergesort,aleatorio,500000,0,9475712,18951424
heapsort,aleatorio,500000,0,17397142,9023884
quicksort,aleatorio,500000,0,11287166,6258587
quicksort_aleatorio,aleatorio,500000,0,11619491,6561509
quicksort_mm,aleatorio,500000,0,31630969,21190142
insertion_sort,aleatorio,500000,1,62475378844,62474878861
selection_sort,aleatorio,500000,1,124999750000,499999
mergesort,aleatorio,500000,1,9475712,18951424
heapsort,aleatorio,500000,1,17397949,9025314
quicksort,aleatorio,500000,1,11979242,6227180
quicksort_aleatorio,aleatorio,500000,1,11883667,6563384
quicksort_mm,aleatorio,500000,1,31613534,21176874
insertion_sort,aleatorio,500000,2,62427521936,62427021954
selection_sort,aleatorio,500000,2,124999750000,499999
mergesort,aleatorio,500000,2,9475712,18951424
heapsort,aleatorio,500000,2,17397454,9024094
quicksort,aleatorio,500000,2,11466655,5863732
quicksort_aleatorio,aleatorio,500000,2,11400916,6416999
quicksort_mm,aleatorio,500000,2,31651510,21218070
insertion_sort,aleatorio,500000,3,62456887786,62456387806
selection_sort,aleatorio,500000,3,124999750000,499999
mergesort,aleatorio,500000,3,9475712,18951424
heapsort,aleatorio,500000,3,17396640,9023608
quicksort,aleatorio,500000,3,11536023,6071254
quicksort_aleatorio,aleatorio,500000,3,11847678,6575590
quicksort_mm,aleatorio,500000,3,31636867,21214944
insertion_sort,aleatorio,500000,4,62618715401,62618215411
selection_sort,aleatorio,500000,4,124999750000,499999
mergesort,aleatorio,500000,4,9475712,18951424
heapsort,aleatorio,500000,4,17396581,9023495
quicksort,aleatorio,500000,4,11769500,6725078
quicksort_aleatorio,aleatorio,500000,4,12009379,6763525
quicksort_mm,aleatorio,500000,4,31644153,21169602
mergesort,aleatorio,1000000,0,19951424,39902848
heapsort,aleatorio,1000000,0,36794408,19047945
quicksort,aleatorio,1000000,0,26686424,15091746
quicksort_aleatorio,aleatorio,1000000,0,24638675,13050131
quicksort_mm,aleatorio,1000000,0,67286125,44916771
mergesort,aleatorio,1000000,1,19951424,39902848
heapsort,aleatorio,1000000,1,36794972,19049217
quicksort,aleatorio,1000000,1,25408439,13183959
quicksort_aleatorio,aleatorio,1000000,1,23952185,13574951
quicksort_mm,aleatorio,1000000,1,67358474,44974618
mergesort,aleatorio,1000000,2,19951424,39902848
heapsort,aleatorio,1000000,2,36792863,19048108
quicksort,aleatorio,1000000,2,23905138,13049550
quicksort_aleatorio,aleatorio,1000000,2,24972703,13723715
quicksort_mm,aleatorio,1000000,2,67633933,45378734
mergesort,aleatorio,1000000,3,19951424,39902848
heapsort,aleatorio,1000000,3,36795000,19047937
quicksort,aleatorio,1000000,3,25223815,12574993
quicksort_aleatorio,aleatorio,1000000,3,25900482,14127400
quicksort_mm,aleatorio,1000000,3,67416485,44988098
mergesort,aleatorio,1000000,4,19951424,39902848
heapsort,aleatorio,1000000,4,36793515,19048091
quicksort,aleatorio,1000000,4,24088514,12862053
quicksort_aleatorio,aleatorio,1000000,4,25490406,13722780
quicksort_mm,aleatorio,1000000,4,67657603,45306434
mergesort,aleatorio,2000000,0,41902848,83805696
heapsort,aleatorio,2000000,0,77588030,40097930
quicksort,aleatorio,2000000,0,51171676,27298894
quicksort_aleatorio,aleatorio,2000000,0,53817902,29692095
quicksort_mm,aleatorio,2000000,0,143263050,95607687
mergesort,aleatorio,2000000,1,41902848,83805696
heapsort,aleatorio,2000000,1,77584551,40093917
quicksort,aleatorio,2000000,1,53124246,29484511
quicksort_aleatorio,aleatorio,2000000,1,52650580,28995205
quicksort_mm,aleatorio,2000000,1,143333786,95675922
mergesort,aleatorio,2000000,2,41902848,83805696
heapsort,aleatorio,2000000,2,77590624,40098096
quicksort,aleatorio,2000000,2,51813297,26576521
quicksort_aleatorio,aleatorio,2000000,2,51862018,28398284
quicksort_mm,aleatorio,2000000,2,143259861,95497854
mergesort,aleatorio,2000000,3,41902848,83805696
heapsort,aleatorio,2000000,3,77589041,40096659
quicksort,aleatorio,2000000,3,51961436,27190882
quicksort_aleatorio,aleatorio,2000000,3,53478531,29708260
quicksort_mm,aleatorio,2000000,3,143227372,95593199
mergesort,aleatorio,2000000,4,41902848,83805696
heapsort,aleatorio,2000000,4,77591178,40096851
quicksort,aleatorio,2000000,4,51226729,27969944
quicksort_aleatorio,aleatorio,2000000,4,52527891,27936433
quicksort_mm,aleatorio,2000000,4,143479202,95796373
mergesort,aleatorio,5000000,0,111611392,223222784
heapsort,aleatorio,5000000,0,207318458,106913255
quicksort,aleatorio,5000000,0,146454099,76176692
quicksort_aleatorio,aleatorio,5000000,0,148612711,78924782
quicksort_mm,aleatorio,5000000,0,386472331,257630568
mergesort,aleatorio,5000000,1,111611392,223222784
heapsort,aleatorio,5000000,1,207320914,106917552
quicksort,aleatorio,5000000,1,146724260,78089739
quicksort_aleatorio,aleatorio,5000000,1,141758453,76902582
quicksort_mm,aleatorio,5000000,1,385748770,256683591
mergesort,aleatorio,5000000,2,111611392,223222784
heapsort,aleatorio,5000000,2,207319606,106916619
quicksort,aleatorio,5000000,2,139408717,69855223
quicksort_aleatorio,aleatorio,5000000,2,143573580,75979058
quicksort_mm,aleatorio,5000000,2,386321128,257542966
mergesort,aleatorio,5000000,3,111611392,223222784
heapsort,aleatorio,5000000,3,207321753,106917795
quicksort,aleatorio,5000000,3,142461187,74428960
quicksort_aleatorio,aleatorio,5000000,3,138464762,78701297
quicksort_mm,aleatorio,5000000,3,386231409,257517188
mergesort,aleatorio,5000000,4,111611392,223222784
heapsort,aleatorio,5000000,4,207319588,106914772
quicksort,aleatorio,5000000,4,137071590,72113858
quicksort_aleatorio,aleatorio,5000000,4,140263724,77873731
quicksort_mm,aleatorio,5000000,4,386232768,257612932
mergesort,aleatorio,10000000,0,233222784,466445568
heapsort,aleatorio,10000000,0,434646782,223839317
quicksort,aleatorio,10000000,0,284885951,149211226
quicksort_aleatorio,aleatorio,10000000,0,293801522,163871938
quicksort_mm,aleatorio,10000000,0,815067345,542590856
mergesort,aleatorio,10000000,1,233222784,466445568
heapsort,aleatorio,10000000,1,434641557,223835022
quicksort,aleatorio,10000000,1,291825234,154956735
quicksort_aleatorio,aleatorio,10000000,1,297019663,155709730
quicksort_mm,aleatorio,10000000,1,815062519,542270889
mergesort,aleatorio,10000000,2,233222784,466445568
heapsort,aleatorio,10000000,2,434640294,223833996
quicksort,aleatorio,10000000,2,296484058,149991083
quicksort_aleatorio,aleatorio,10000000,2,293952542,159582075
quicksort_mm,aleatorio,10000000,2,813905320,541444352
mergesort,aleatorio,10000000,3,233222784,466445568
heapsort,aleatorio,10000000,3,434642075,223834341
quicksort,aleatorio,10000000,3,299705446,160105537
quicksort_aleatorio,aleatorio,10000000,3,288685302,154511138
quicksort_mm,aleatorio,10000000,3,812066141,539228633
mergesort,aleatorio,10000000,4,233222784,466445568
heapsort,aleatorio,10000000,4,434633263,223831588
quicksort,aleatorio,10000000,4,290126464,152530381
quicksort_aleatorio,aleatorio,10000000,4,285047944,157871393
quicksort_mm,aleatorio,10000000,4,814353253,542614654
insertion_sort,ordenado,1000,0,999,0
selection_sort,ordenado,1000,0,499500,999
mergesort,ordenado,1000,0,9976,19952
heapsort,ordenado,1000,0,17583,9708
quicksort,ordenado,1000,0,499500,500499
quicksort_aleatorio,ordenado,1000,0,11059,6561
quicksort_mm,ordenado,1000,0,24662,15885
insertion_sort,ordenado,1000,1,999,0
selection_sort,ordenado,1000,1,499500,999
mergesort,ordenado,1000,1,9976,19952
heapsort,ordenado,1000,1,17583,9708
quicksort,ordenado,1000,1,499500,500499
quicksort_aleatorio,ordenado,1000,1,10313,6678
quicksort_mm,ordenado,1000,1,24662,15885
insertion_sort,ordenado,1000,2,999,0
selection_sort,ordenado,1000,2,499500,999
mergesort,ordenado,1000,2,9976,19952
heapsort,ordenado,1000,2,17583,9708
quicksort,ordenado,1000,2,499500,500499
quicksort_aleatorio,ordenado,1000,2,10033,6351
quicksort_mm,ordenado,1000,2,24662,15885
insertion_sort,ordenado,1000,3,999,0
selection_sort,ordenado,1000,3,499500,999
mergesort,ordenado,1000,3,9976,19952
heapsort,ordenado,1000,3,17583,9708
quicksort,ordenado,1000,3,499500,500499
quicksort_aleatorio,ordenado,1000,3,10289,6183
quicksort_mm,ordenado,1000,3,24662,15885
insertion_sort,ordenado,1000,4,999,0
selection_sort,ordenado,1000,4,499500,999
mergesort,ordenado,1000,4,9976,19952
heapsort,ordenado,1000,4,17583,9708
quicksort,ordenado,1000,4,499500,500499
quicksort_aleatorio,ordenado,1000,4,10575,6999
quicksort_mm,ordenado,1000,4,24662,15885
insertion_sort,ordenado,2000,0,1999,0
selection_sort,ordenado,2000,0,1999000,1999
mergesort,ordenado,2000,0,21952,43904
heapsort,ordenado,2000,0,39159,21300
quicksort,ordenado,2000,0,1999000,2000999
quicksort_aleatorio,ordenado,2000,0,23638,15688
quicksort_mm,ordenado,2000,0,56855,36448
insertion_sort,ordenado,2000,1,1999,0
selection_sort,ordenado,2000,1,1999000,1999
mergesort,ordenado,2000,1,21952,43904
heapsort,ordenado,2000,1,39159,21300
quicksort,ordenado,2000,1,1999000,2000999
quicksort_aleatorio,ordenado,2000,1,24195,14835
quicksort_mm,ordenado,2000,1,56855,36448
insertion_sort,ordenado,2000,2,1999,0
selection_sort,ordenado,2000,2,1999000,1999
mergesort,ordenado,2000,2,21952,43904
heapsort,ordenado,2000,2,39159,21300
quicksort,ordenado,2000,2,1999000,2000999
quicksort_aleatorio,ordenado,2000,2,22896,13970
quicksort_mm,ordenado,2000,2,56855,36448
insertion_sort,ordenado,2000,3,1999,0
selection_sort,ordenado,2000,3,1999000,1999
mergesort,ordenado,2000,3,21952,43904
heapsort,ordenado,2000,3,39159,21300
quicksort,ordenado,2000,3,1999000,2000999
quicksort_aleatorio,ordenado,2000,3,23684,14807
quicksort_mm,ordenado,2000,3,56855,36448
insertion_sort,ordenado,2000,4,1999,0
selection_sort,ordenado,2000,4,1999000,1999
mergesort,ordenado,2000,4,21952,43904
heapsort,ordenado,2000,4,39159,21300
quicksort,ordenado,2000,4,1999000,2000999
quicksort_aleatorio,ordenado,2000,4,25622,14474
quicksort_mm,ordenado,2000,4,56855,36448
insertion_sort,ordenado,5000,0,4999,0
selection_sort,ordenado,5000,0,12497500,4999
mergesort,ordenado,5000,0,61808,123616
heapsort,ordenado,5000,0,112126,60932
quicksort,ordenado,5000,0,12497500,12502499
quicksort_aleatorio,ordenado,5000,0,69909,43740
quicksort_mm,ordenado,5000,0,166192,106330
insertion_sort,ordenado,5000,1,4999,0
selection_sort,ordenado,5000,1,12497500,4999
mergesort,ordenado,5000,1,61808,123616
heapsort,ordenado,5000,1,112126,60932
quicksort,ordenado,5000,1,12497500,12502499
quicksort_aleatorio,ordenado,5000,1,71404,40395
quicksort_mm,ordenado,5000,1,166192,106330
insertion_sort,ordenado,5000,2,4999,0
selection_sort,ordenado,5000,2,12497500,4999
mergesort,ordenado,5000,2,61808,123616
heapsort,ordenado,5000,2,112126,60932
quicksort,ordenado,5000,2,12497500,12502499
quicksort_aleatorio,ordenado,5000,2,70047,47696
quicksort_mm,ordenado,5000,2,166192,106330
insertion_sort,ordenado,5000,3,4999,0
selection_sort,ordenado,5000,3,12497500,4999
mergesort,ordenado,5000,3,61808,123616
heapsort,ordenado,5000,3,112126,60932
quicksort,ordenado,5000,3,12497500,12502499
quicksort_aleatorio,ordenado,5000,3,72873,42412
quicksort_mm,ordenado,5000,3,166192,106330
insertion_sort,ordenado,5000,4,4999,0
selection_sort,ordenado,5000,4,12497500,4999
mergesort,ordenado,5000,4,61808,123616
heapsort,ordenado,5000,4,112126,60932
quicksort,ordenado,5000,4,12497500,12502499
quicksort_aleatorio,ordenado,5000,4,70023,38406
quicksort_mm,ordenado,5000,4,166192,106330
insertion_sort,ordenado,10000,0,9999,0
selection_sort,ordenado,10000,0,49995000,9999
mergesort,ordenado,10000,0,133616,267232
heapsort,ordenado,10000,0,244460,131956
quicksort,ordenado,10000,0,49995000,50004999
quicksort_aleatorio,ordenado,10000,0,166897,92726
quicksort_mm,ordenado,10000,0,373076,238262
insertion_sort,ordenado,10000,1,9999,0
selection_sort,ordenado,10000,1,49995000,9999
mergesort,ordenado,10000,1,133616,267232
heapsort,ordenado,10000,1,244460,131956
quicksort,ordenado,10000,1,49995000,50004999
quicksort_aleatorio,ordenado,10000,1,162683,100108
quicksort_mm,ordenado,10000,1,373076,238262
insertion_sort,ordenado,10000,2,9999,0
selection_sort,ordenado,10000,2,49995000,9999
mergesort,ordenado,10000,2,133616,267232
heapsort,ordenado,10000,2,244460,131956
quicksort,ordenado,10000,2,49995000,50004999
quicksort_aleatorio,ordenado,10000,2,160938,100838
quicksort_mm,ordenado,10000,2,373076,238262
insertion_sort,ordenado,10000,3,9999,0
selection_sort,ordenado,10000,3,49995000,9999
mergesort,ordenado,10000,3,133616,267232
heapsort,ordenado,10000,3,244460,131956
quicksort,ordenado,10000,3,49995000,50004999
quicksort_aleatorio,ordenado,10000,3,153005,86381
quicksort_mm,ordenado,10000,3,373076,238262
insertion_sort,ordenado,10000,4,9999,0
selection_sort,ordenado,10000,4,49995000,9999
mergesort,ordenado,10000,4,133616,267232
heapsort,ordenado,10000,4,244460,131956
quicksort,ordenado,10000,4,49995000,50004999
quicksort_aleatorio,ordenado,10000,4,150156,82109
quicksort_mm,ordenado,10000,4,373076,238262
insertion_sort,ordenado,20000,0,19999,0
selection_sort,ordenado,20000,0,199990000,19999
mergesort,ordenado,20000,0,287232,574464
heapsort,ordenado,20000,0,529074,282878
quicksort,ordenado,20000,0,199990000,200009999
quicksort_aleatorio,ordenado,20000,0,342873,182778
quicksort_mm,ordenado,20000,0,824291,524874
insertion_sort,ordenado,20000,1,19999,0
selection_sort,ordenado,20000,1,199990000,19999
mergesort,ordenado,20000,1,287232,574464
heapsort,ordenado,20000,1,529074,282878
quicksort,ordenado,20000,1,199990000,200009999
quicksort_aleatorio,ordenado,20000,1,352938,204961
quicksort_mm,ordenado,20000,1,824291,524874
insertion_sort,ordenado,20000,2,19999,0
selection_sort,ordenado,20000,2,199990000,19999
mergesort,ordenado,20000,2,287232,574464
heapsort,ordenado,20000,2,529074,282878
quicksort,ordenado,20000,2,199990000,200009999
quicksort_aleatorio,ordenado,20000,2,342559,194110
quicksort_mm,ordenado,20000,2,824291,524874
insertion_sort,ordenado,20000,3,19999,0
selection_sort,ordenado,20000,3,199990000,19999
mergesort,ordenado,20000,3,287232,574464
heapsort,ordenado,20000,3,529074,282878
quicksort,ordenado,20000,3,199990000,200009999
quicksort_aleatorio,ordenado,20000,3,340887,208745
quicksort_mm,ordenado,20000,3,824291,524874
insertion_sort,ordenado,20000,4,19999,0
selection_sort,ordenado,20000,4,199990000,19999
mergesort,ordenado,20000,4,287232,574464
heapsort,ordenado,20000,4,529074,282878
quicksort,ordenado,20000,4,199990000,200009999
quicksort_aleatorio,ordenado,20000,4,343255,167821
quicksort_mm,ordenado,20000,4,824291,524874
insertion_sort,ordenado,50000,0,49999,0
selection_sort,ordenado,50000,0,1249975000,49999
mergesort,ordenado,50000,0,784464,1568928
heapsort,ordenado,50000,0,1455438,773304
quicksort,ordenado,50000,0,1249975000,1250024999
quicksort_aleatorio,ordenado,50000,0,950996,556093
quicksort_mm,ordenado,50000,0,2323332,1477525
insertion_sort,ordenado,50000,1,49999,0
selection_sort,ordenado,50000,1,1249975000,49999
mergesort,ordenado,50000,1,784464,1568928
heapsort,ordenado,50000,1,1455438,773304
quicksort,ordenado,50000,1,1249975000,1250024999
quicksort_aleatorio,ordenado,50000,1,949869,499879
quicksort_mm,ordenado,50000,1,2323332,1477525
insertion_sort,ordenado,50000,2,49999,0
selection_sort,ordenado,50000,2,1249975000,49999
mergesort,ordenado,50000,2,784464,1568928
heapsort,ordenado,50000,2,1455438,773304
quicksort,ordenado,50000,2,1249975000,1250024999
quicksort_aleatorio,ordenado,50000,2,927489,495998
quicksort_mm,ordenado,50000,2,2323332,1477525
insertion_sort,ordenado,50000,3,49999,0
selection_sort,ordenado,50000,3,1249975000,49999
mergesort,ordenado,50000,3,784464,1568928
heapsort,ordenado,50000,3,1455438,773304
quicksort,ordenado,50000,3,1249975000,1250024999
quicksort_aleatorio,ordenado,50000,3,954192,577040
quicksort_mm,ordenado,50000,3,2323332,1477525
insertion_sort,ordenado,50000,4,49999,0
selection_sort,ordenado,50000,4,1249975000,49999
mergesort,ordenado,50000,4,784464,1568928
heapsort,ordenado,50000,4,1455438,773304
quicksort,ordenado,50000,4,1249975000,1250024999
quicksort_aleatorio,ordenado,50000,4,921359,539280
quicksort_mm,ordenado,50000,4,2323332,1477525
insertion_sort,ordenado,100000,0,99999,0
selection_sort,ordenado,100000,0,4999950000,99999
mergesort,ordenado,100000,0,1668928,3337856
heapsort,ordenado,100000,0,3112517,1650854
quicksort,ordenado,100000,0,4999950000,5000049999
quicksort_aleatorio,ordenado,100000,0,1940474,1082059
quicksort_mm,ordenado,100000,0,5025479,3202908
insertion_sort,ordenado,100000,1,99999,0
selection_sort,ordenado,100000,1,4999950000,99999
mergesort,ordenado,100000,1,1668928,3337856
heapsort,ordenado,100000,1,3112517,1650854
quicksort,ordenado,100000,1,4999950000,5000049999
quicksort_aleatorio,ordenado,100000,1,1899628,1085061
quicksort_mm,ordenado,100000,1,5025479,3202908
insertion_sort,ordenado,100000,2,99999,0
selection_sort,ordenado,100000,2,4999950000,99999
mergesort,ordenado,100000,2,1668928,3337856
heapsort,ordenado,100000,2,3112517,1650854
quicksort,ordenado,100000,2,4999950000,5000049999
quicksort_aleatorio,ordenado,100000,2,2045152,1162272
quicksort_mm,ordenado,100000,2,5025479,3202908
insertion_sort,ordenado,100000,3,99999,0
selection_sort,ordenado,100000,3,4999950000,99999
mergesort,ordenado,100000,3,1668928,3337856
heapsort,ordenado,100000,3,3112517,1650854
quicksort,ordenado,100000,3,4999950000,5000049999
quicksort_aleatorio,ordenado,100000,3,1949038,1156463
quicksort_mm,ordenado,100000,3,5025479,3202908
insertion_sort,ordenado,100000,4,99999,0
selection_sort,ordenado,100000,4,4999950000,99999
mergesort,ordenado,100000,4,1668928,3337856
heapsort,ordenado,100000,4,3112517,1650854
quicksort,ordenado,100000,4,4999950000,5000049999
quicksort_aleatorio,ordenado,100000,4,1907851,1088123
quicksort_mm,ordenado,100000,4,5025479,3202908
insertion_sort,ordenado,200000,0,199999,0
selection_sort,ordenado,200000,0,19999900000,199999
mergesort,ordenado,200000,0,3537856,7075712
heapsort,ordenado,200000,0,6626912,3499160
quicksort,ordenado,200000,0,19999900000,20000099999
quicksort_aleatorio,ordenado,200000,0,4171821,2355147
quicksort_mm,ordenado,200000,0,10865756,6907667
insertion_sort,ordenado,200000,1,199999,0
selection_sort,ordenado,200000,1,19999900000,199999
mergesort,ordenado,200000,1,3537856,7075712
heapsort,ordenado,200000,1,6626912,3499160
quicksort,ordenado,200000,1,19999900000,20000099999
quicksort_aleatorio,ordenado,200000,1,4253312,2526494
quicksort_mm,ordenado,200000,1,10865756,6907667
insertion_sort,ordenado,200000,2,199999,0
selection_sort,ordenado,200000,2,19999900000,199999
mergesort,ordenado,200000,2,3537856,7075712
heapsort,ordenado,200000,2,6626912,3499160
quicksort,ordenado,200000,2,19999900000,20000099999
quicksort_aleatorio,ordenado,200000,2,4327237,2363749
quicksort_mm,ordenado,200000,2,10865756,6907667
insertion_sort,ordenado,200000,3,199999,0
selection_sort,ordenado,200000,3,19999900000,199999
mergesort,ordenado,200000,3,3537856,7075712
heapsort,ordenado,200000,3,6626912,3499160
quicksort,ordenado,200000,3,19999900000,20000099999
quicksort_aleatorio,ordenado,200000,3,4141052,2281661
quicksort_mm,ordenado,200000,3,10865756,6907667
insertion_sort,ordenado,200000,4,199999,0
selection_sort,ordenado,200000,4,19999900000,199999
mergesort,ordenado,200000,4,3537856,7075712
heapsort,ordenado,200000,4,6626912,3499160
quicksort,ordenado,200000,4,19999900000,20000099999
quicksort_aleatorio,ordenado,200000,4,4284797,2403895
quicksort_mm,ordenado,200000,4,10865756,6907667
insertion_sort,ordenado,500000,0,499999,0
selection_sort,ordenado,500000,0,124999750000,499999
mergesort,ordenado,500000,0,9475712,18951424
heapsort,ordenado,500000,0,17837785,9355700
quicksort,ordenado,500000,0,124999750000,125000249999
quicksort_aleatorio,ordenado,500000,0,11697867,6218505
quicksort_mm,ordenado,500000,0,29815079,18979620
insertion_sort,ordenado,500000,1,499999,0
selection_sort,ordenado,500000,1,124999750000,499999
mergesort,ordenado,500000,1,9475712,18951424
heapsort,ordenado,500000,1,17837785,9355700
quicksort,ordenado,500000,1,124999750000,125000249999
quicksort_aleatorio,ordenado,500000,1,11572850,6675695
quicksort_mm,ordenado,500000,1,29815079,18979620
insertion_sort,ordenado,500000,2,499999,0
selection_sort,ordenado,500000,2,124999750000,499999
mergesort,ordenado,500000,2,9475712,18951424
heapsort,ordenado,500000,2,17837785,9355700
quicksort,ordenado,500000,2,124999750000,125000249999
quicksort_aleatorio,ordenado,500000,2,11544111,6210435
quicksort_mm,ordenado,500000,2,29815079,18979620
insertion_sort,ordenado,500000,3,499999,0
selection_sort,ordenado,500000,3,124999750000,499999
mergesort,ordenado,500000,3,9475712,18951424
heapsort,ordenado,500000,3,17837785,9355700
quicksort,ordenado,500000,3,124999750000,125000249999
quicksort_aleatorio,ordenado,500000,3,11495680,6410640
quicksort_mm,ordenado,500000,3,29815079,18979620
insertion_sort,ordenado,500000,4,499999,0
selection_sort,ordenado,500000,4,124999750000,499999
mergesort,ordenado,500000,4,9475712,18951424
heapsort,ordenado,500000,4,17837785,9355700
quicksort,ordenado,500000,4,124999750000,125000249999
quicksort_aleatorio,ordenado,500000,4,11606046,5954198
quicksort_mm,ordenado,500000,4,29815079,18979620
insertion_sort,ordenado,1000000,0,999999,0
mergesort,ordenado,1000000,0,19951424,39902848
heapsort,ordenado,1000000,0,37692069,19787792
quicksort_aleatorio,ordenado,1000000,0,24711463,13819668
quicksort_mm,ordenado,1000000,0,63977083,40695662
insertion_sort,ordenado,1000000,1,999999,0
mergesort,ordenado,1000000,1,19951424,39902848
heapsort,ordenado,1000000,1,37692069,19787792
quicksort_aleatorio,ordenado,1000000,1,25880813,14765638
quicksort_mm,ordenado,1000000,1,63977083,40695662
insertion_sort,ordenado,1000000,2,999999,0
mergesort,ordenado,1000000,2,19951424,39902848
heapsort,ordenado,1000000,2,37692069,19787792
quicksort_aleatorio,ordenado,1000000,2,24435954,14044226
quicksort_mm,ordenado,1000000,2,63977083,40695662
insertion_sort,ordenado,1000000,3,999999,0
mergesort,ordenado,1000000,3,19951424,39902848
heapsort,ordenado,1000000,3,37692069,19787792
quicksort_aleatorio,ordenado,1000000,3,25095897,14577817
quicksort_mm,ordenado,1000000,3,63977083,40695662
insertion_sort,ordenado,1000000,4,999999,0
mergesort,ordenado,1000000,4,19951424,39902848
heapsort,ordenado,1000000,4,37692069,19787792
quicksort_aleatorio,ordenado,1000000,4,24632792,13338479
quicksort_mm,ordenado,1000000,4,63977083,40695662
insertion_sort,ordenado,2000000,0,1999999,0
mergesort,ordenado,2000000,0,41902848,83805696
heapsort,ordenado,2000000,0,79472176,41729744
quicksort_aleatorio,ordenado,2000000,0,51967199,27925458
quicksort_mm,ordenado,2000000,0,135747583,86568735
insertion_sort,ordenado,2000000,1,1999999,0
mergesort,ordenado,2000000,1,41902848,83805696
heapsort,ordenado,2000000,1,79472176,41729744
quicksort_aleatorio,ordenado,2000000,1,51716421,26690376
quicksort_mm,ordenado,2000000,1,135747583,86568735
insertion_sort,ordenado,2000000,2,1999999,0
mergesort,ordenado,2000000,2,41902848,83805696
heapsort,ordenado,2000000,2,79472176,41729744
quicksort_aleatorio,ordenado,2000000,2,52320005,28758099
quicksort_mm,ordenado,2000000,2,135747583,86568735
insertion_sort,ordenado,2000000,3,1999999,0
mergesort,ordenado,2000000,3,41902848,83805696
heapsort,ordenado,2000000,3,79472176,41729744
quicksort_aleatorio,ordenado,2000000,3,52554388,28992967
quicksort_mm,ordenado,2000000,3,135747583,86568735
insertion_sort,ordenado,2000000,4,1999999,0
mergesort,ordenado,2000000,4,41902848,83805696
heapsort,ordenado,2000000,4,79472176,41729744
quicksort_aleatorio,ordenado,2000000,4,52493323,28537978
quicksort_mm,ordenado,2000000,4,135747583,86568735
insertion_sort,ordenado,5000000,0,4999999,0
mergesort,ordenado,5000000,0,111611392,223222784
heapsort,ordenado,5000000,0,212571070,110998916
quicksort_aleatorio,ordenado,5000000,0,142193135,77551611
quicksort_mm,ordenado,5000000,0,368513748,235155679
insertion_sort,ordenado,5000000,1,4999999,0
mergesort,ordenado,5000000,1,111611392,223222784
heapsort,ordenado,5000000,1,212571070,110998916
quicksort_aleatorio,ordenado,5000000,1,140605261,77709722
quicksort_mm,ordenado,5000000,1,368513748,235155679
insertion_sort,ordenado,5000000,2,4999999,0
mergesort,ordenado,5000000,2,111611392,223222784
heapsort,ordenado,5000000,2,212571070,110998916
quicksort_aleatorio,ordenado,5000000,2,138576249,71790260
quicksort_mm,ordenado,5000000,2,368513748,235155679
insertion_sort,ordenado,5000000,3,4999999,0
mergesort,ordenado,5000000,3,111611392,223222784
heapsort,ordenado,5000000,3,212571070,110998916
quicksort_aleatorio,ordenado,5000000,3,139737911,77859637
quicksort_mm,ordenado,5000000,3,368513748,235155679
insertion_sort,ordenado,5000000,4,4999999,0
mergesort,ordenado,5000000,4,111611392,223222784
heapsort,ordenado,5000000,4,212571070,110998916
quicksort_aleatorio,ordenado,5000000,4,144328440,80077914
quicksort_mm,ordenado,5000000,4,368513748,235155679
insertion_sort,ordenado,10000000,0,9999999,0
mergesort,ordenado,10000000,0,233222784,466445568
heapsort,ordenado,10000000,0,445162673,231881708
quicksort_aleatorio,ordenado,10000000,0,304768363,180172780
quicksort_mm,ordenado,10000000,0,775515486,495477977
insertion_sort,ordenado,10000000,1,9999999,0
mergesort,ordenado,10000000,1,233222784,466445568
heapsort,ordenado,10000000,1,445162673,231881708
quicksort_aleatorio,ordenado,10000000,1,303416636,159709497
quicksort_mm,ordenado,10000000,1,775515486,495477977
insertion_sort,ordenado,10000000,2,9999999,0
mergesort,ordenado,10000000,2,233222784,466445568
heapsort,ordenado,10000000,2,445162673,231881708
quicksort_aleatorio,ordenado,10000000,2,314918851,181795631
quicksort_mm,ordenado,10000000,2,775515486,495477977
insertion_sort,ordenado,10000000,3,9999999,0
mergesort,ordenado,10000000,3,233222784,466445568
heapsort,ordenado,10000000,3,445162673,231881708
quicksort_aleatorio,ordenado,10000000,3,293753152,156720558
quicksort_mm,ordenado,10000000,3,775515486,495477977
insertion_sort,ordenado,10000000,4,9999999,0
mergesort,ordenado,10000000,4,233222784,466445568
heapsort,ordenado,10000000,4,445162673,231881708
quicksort_aleatorio,ordenado,10000000,4,301199960,171554140
quicksort_mm,ordenado,10000000,4,775515486,495477977
insertion_sort,inverso,1000,0,499500,499500
selection_sort,inverso,1000,0,499500,999
mergesort,inverso,1000,0,9976,19952
heapsort,inverso,1000,0,15965,8316
quicksort,inverso,1000,0,499500,250499
quicksort_aleatorio,inverso,1000,0,12102,7995
quicksort_mm,inverso,1000,0,27495,19941
insertion_sort,inverso,1000,1,499500,499500
selection_sort,inverso,1000,1,499500,999
mergesort,inverso,1000,1,9976,19952
heapsort,inverso,1000,1,15965,8316
quicksort,inverso,1000,1,499500,250499
quicksort_aleatorio,inverso,1000,1,10687,6529
quicksort_mm,inverso,1000,1,27495,19941
insertion_sort,inverso,1000,2,499500,499500
selection_sort,inverso,1000,2,499500,999
mergesort,inverso,1000,2,9976,19952
heapsort,inverso,1000,2,15965,8316
quicksort,inverso,1000,2,499500,250499
quicksort_aleatorio,inverso,1000,2,11230,6085
quicksort_mm,inverso,1000,2,27495,19941
insertion_sort,inverso,1000,3,499500,499500
selection_sort,inverso,1000,3,499500,999
mergesort,inverso,1000,3,9976,19952
heapsort,inverso,1000,3,15965,8316
quicksort,inverso,1000,3,499500,250499
quicksort_aleatorio,inverso,1000,3,11057,6514
quicksort_mm,inverso,1000,3,27495,19941
insertion_sort,inverso,1000,4,499500,499500
selection_sort,inverso,1000,4,499500,999
mergesort,inverso,1000,4,9976,19952
heapsort,inverso,1000,4,15965,8316
quicksort,inverso,1000,4,499500,250499
quicksort_aleatorio,inverso,1000,4,11040,7127
quicksort_mm,inverso,1000,4,27495,19941
insertion_sort,inverso,2000,0,1999000,1999000
selection_sort,inverso,2000,0,1999000,1999
mergesort,inverso,2000,0,21952,43904
heapsort,inverso,2000,0,35964,18708
quicksort,inverso,2000,0,1999000,1000999
quicksort_aleatorio,inverso,2000,0,24101,14579
quicksort_mm,inverso,2000,0,62556,44884
insertion_sort,inverso,2000,1,1999000,1999000
selection_sort,inverso,2000,1,1999000,1999
mergesort,inverso,2000,1,21952,43904
heapsort,inverso,2000,1,35964,18708
quicksort,inverso,2000,1,1999000,1000999
quicksort_aleatorio,inverso,2000,1,28808,18877
quicksort_mm,inverso,2000,1,62556,44884
insertion_sort,inverso,2000,2,1999000,1999000
selection_sort,inverso,2000,2,1999000,1999
mergesort,inverso,2000,2,21952,43904
heapsort,inverso,2000,2,35964,18708
quicksort,inverso,2000,2,1999000,1000999
quicksort_aleatorio,inverso,2000,2,25027,16718
quicksort_mm,inverso,2000,2,62556,44884
insertion_sort,inverso,2000,3,1999000,1999000
selection_sort,inverso,2000,3,1999000,1999
mergesort,inverso,2000,3,21952,43904
heapsort,inverso,2000,3,35964,18708
quicksort,inverso,2000,3,1999000,1000999
quicksort_aleatorio,inverso,2000,3,23629,12698
quicksort_mm,inverso,2000,3,62556,44884
insertion_sort,inverso,2000,4,1999000,1999000
selection_sort,inverso,2000,4,1999000,1999
mergesort,inverso,2000,4,21952,43904
heapsort,inverso,2000,4,35964,18708
quicksort,inverso,2000,4,1999000,1000999
quicksort_aleatorio,inverso,2000,4,25833,15415
quicksort_mm,inverso,2000,4,62556,44884
insertion_sort,inverso,5000,0,12497500,12497500
selection_sort,inverso,5000,0,12497500,4999
mergesort,inverso,5000,0,61808,123616
heapsort,inverso,5000,0,103227,53436
quicksort,inverso,5000,0,12497500,6252499
quicksort_aleatorio,inverso,5000,0,67260,40405
quicksort_mm,inverso,5000,0,183270,130470
insertion_sort,inverso,5000,1,12497500,12497500
selection_sort,inverso,5000,1,12497500,4999
mergesort,inverso,5000,1,61808,123616
heapsort,inverso,5000,1,103227,53436
quicksort,inverso,5000,1,12497500,6252499
quicksort_aleatorio,inverso,5000,1,67345,42571
quicksort_mm,inverso,5000,1,183270,130470
insertion_sort,inverso,5000,2,12497500,12497500
selection_sort,inverso,5000,2,12497500,4999
mergesort,inverso,5000,2,61808,123616
heapsort,inverso,5000,2,103227,53436
quicksort,inverso,5000,2,12497500,6252499
quicksort_aleatorio,inverso,5000,2,75203,43188
quicksort_mm,inverso,5000,2,183270,130470
insertion_sort,inverso,5000,3,12497500,12497500
selection_sort,inverso,5000,3,12497500,4999
mergesort,inverso,5000,3,61808,123616
heapsort,inverso,5000,3,103227,53436
quicksort,inverso,5000,3,12497500,6252499
quicksort_aleatorio,inverso,5000,3,67420,41567
quicksort_mm,inverso,5000,3,183270,130470
insertion_sort,inverso,5000,4,12497500,12497500
selection_sort,inverso,5000,4,12497500,4999
mergesort,inverso,5000,4,61808,123616
heapsort,inverso,5000,4,103227,53436
quicksort,inverso,5000,4,12497500,6252499
quicksort_aleatorio,inverso,5000,4,74409,42047
quicksort_mm,inverso,5000,4,183270,130470
insertion_sort,inverso,10000,0,49995000,49995000
selection_sort,inverso,10000,0,49995000,9999
mergesort,inverso,10000,0,133616,267232
heapsort,inverso,10000,0,226682,116696
quicksort,inverso,10000,0,49995000,25004999
quicksort_aleatorio,inverso,10000,0,159630,81135
quicksort_mm,inverso,10000,0,409870,291101
insertion_sort,inverso,10000,1,49995000,49995000
selection_sort,inverso,10000,1,49995000,9999
mergesort,inverso,10000,1,133616,267232
heapsort,inverso,10000,1,226682,116696
quicksort,inverso,10000,1,49995000,25004999
quicksort_aleatorio,inverso,10000,1,152013,82941
quicksort_mm,inverso,10000,1,409870,291101
insertion_sort,inverso,10000,2,49995000,49995000
selection_sort,inverso,10000,2,49995000,9999
mergesort,inverso,10000,2,133616,267232
heapsort,inverso,10000,2,226682,116696
quicksort,inverso,10000,2,49995000,25004999
quicksort_aleatorio,inverso,10000,2,155099,95990
quicksort_mm,inverso,10000,2,409870,291101
insertion_sort,inverso,10000,3,49995000,49995000
selection_sort,inverso,10000,3,49995000,9999
mergesort,inverso,10000,3,133616,267232
heapsort,inverso,10000,3,226682,116696
quicksort,inverso,10000,3,49995000,25004999
quicksort_aleatorio,inverso,10000,3,149700,87671
quicksort_mm,inverso,10000,3,409870,291101
insertion_sort,inverso,10000,4,49995000,49995000
selection_sort,inverso,10000,4,49995000,9999
mergesort,inverso,10000,4,133616,267232
heapsort,inverso,10000,4,226682,116696
quicksort,inverso,10000,4,49995000,25004999
quicksort_aleatorio,inverso,10000,4,162052,96062
quicksort_mm,inverso,10000,4,409870,291101
insertion_sort,inverso,20000,0,199990000,199990000
selection_sort,inverso,20000,0,199990000,19999
mergesort,inverso,20000,0,287232,574464
heapsort,inverso,20000,0,493307,254334
quicksort,inverso,20000,0,199990000,100009999
quicksort_aleatorio,inverso,20000,0,324923,178790
quicksort_mm,inverso,20000,0,898661,633975
insertion_sort,inverso,20000,1,199990000,199990000
selection_sort,inverso,20000,1,199990000,19999
mergesort,inverso,20000,1,287232,574464
heapsort,inverso,20000,1,493307,254334
quicksort,inverso,20000,1,199990000,100009999
quicksort_aleatorio,inverso,20000,1,344223,194746
quicksort_mm,inverso,20000,1,898661,633975
insertion_sort,inverso,20000,2,199990000,199990000
selection_sort,inverso,20000,2,199990000,19999
mergesort,inverso,20000,2,287232,574464
heapsort,inverso,20000,2,493307,254334
quicksort,inverso,20000,2,199990000,100009999
quicksort_aleatorio,inverso,20000,2,334501,210867
quicksort_mm,inverso,20000,2,898661,633975
insertion_sort,inverso,20000,3,199990000,199990000
selection_sort,inverso,20000,3,199990000,19999
mergesort,inverso,20000,3,287232,574464
heapsort,inverso,20000,3,493307,254334
quicksort,inverso,20000,3,199990000,100009999
quicksort_aleatorio,inverso,20000,3,342272,204708
quicksort_mm,inverso,20000,3,898661,633975
insertion_sort,inverso,20000,4,199990000,199990000
selection_sort,inverso,20000,4,199990000,19999
mergesort,inverso,20000,4,287232,574464
heapsort,inverso,20000,4,493307,254334
quicksort,inverso,20000,4,199990000,100009999
quicksort_aleatorio,inverso,20000,4,342411,193819
quicksort_mm,inverso,20000,4,898661,633975
insertion_sort,inverso,50000,0,1249975000,1249975000
selection_sort,inverso,50000,0,1249975000,49999
mergesort,inverso,50000,0,784464,1568928
heapsort,inverso,50000,0,1366047,698892
quicksort,inverso,50000,0,1249975000,625024999
quicksort_aleatorio,inverso,50000,0,908373,504811
quicksort_mm,inverso,50000,0,2507152,1754228
insertion_sort,inverso,50000,1,1249975000,1249975000
selection_sort,inverso,50000,1,1249975000,49999
mergesort,inverso,50000,1,784464,1568928
heapsort,inverso,50000,1,1366047,698892
quicksort,inverso,50000,1,1249975000,625024999
quicksort_aleatorio,inverso,50000,1,898408,545269
quicksort_mm,inverso,50000,1,2507152,1754228
insertion_sort,inverso,50000,2,1249975000,1249975000
selection_sort,inverso,50000,2,1249975000,49999
mergesort,inverso,50000,2,784464,1568928
heapsort,inverso,50000,2,1366047,698892
quicksort,inverso,50000,2,1249975000,625024999
quicksort_aleatorio,inverso,50000,2,978054,546514
quicksort_mm,inverso,50000,2,2507152,1754228
insertion_sort,inverso,50000,3,1249975000,1249975000
selection_sort,inverso,50000,3,1249975000,49999
mergesort,inverso,50000,3,784464,1568928
heapsort,inverso,50000,3,1366047,698892
quicksort,inverso,50000,3,1249975000,625024999
quicksort_aleatorio,inverso,50000,3,1014286,561218
quicksort_mm,inverso,50000,3,2507152,1754228
insertion_sort,inverso,50000,4,1249975000,1249975000
selection_sort,inverso,50000,4,1249975000,49999
mergesort,inverso,50000,4,784464,1568928
heapsort,inverso,50000,4,1366047,698892
quicksort,inverso,50000,4,1249975000,625024999
quicksort_aleatorio,inverso,50000,4,885320,503186
quicksort_mm,inverso,50000,4,2507152,1754228
insertion_sort,inverso,100000,0,4999950000,4999950000
selection_sort,inverso,100000,0,4999950000,99999
mergesort,inverso,100000,0,1668928,3337856
heapsort,inverso,100000,0,2926640,1497434
quicksort,inverso,100000,0,4999950000,2500049999
quicksort_aleatorio,inverso,100000,0,2015949,1155470
quicksort_mm,inverso,100000,0,5432579,3796552
insertion_sort,inverso,100000,1,4999950000,4999950000
selection_sort,inverso,100000,1,4999950000,99999
mergesort,inverso,100000,1,1668928,3337856
heapsort,inverso,100000,1,2926640,1497434
quicksort,inverso,100000,1,4999950000,2500049999
quicksort_aleatorio,inverso,100000,1,1945871,1086261
quicksort_mm,inverso,100000,1,5432579,3796552
insertion_sort,inverso,100000,2,4999950000,4999950000
selection_sort,inverso,100000,2,4999950000,99999
mergesort,inverso,100000,2,1668928,3337856
heapsort,inverso,100000,2,2926640,1497434
quicksort,inverso,100000,2,4999950000,2500049999
quicksort_aleatorio,inverso,100000,2,2027318,1121068
quicksort_mm,inverso,100000,2,5432579,3796552
insertion_sort,inverso,100000,3,4999950000,4999950000
selection_sort,inverso,100000,3,4999950000,99999
mergesort,inverso,100000,3,1668928,3337856
heapsort,inverso,100000,3,2926640,1497434
quicksort,inverso,100000,3,4999950000,2500049999
quicksort_aleatorio,inverso,100000,3,2100393,1172584
quicksort_mm,inverso,100000,3,5432579,3796552
insertion_sort,inverso,100000,4,4999950000,4999950000
selection_sort,inverso,100000,4,4999950000,99999
mergesort,inverso,100000,4,1668928,3337856
heapsort,inverso,100000,4,2926640,1497434
quicksort,inverso,100000,4,4999950000,2500049999
quicksort_aleatorio,inverso,100000,4,2058021,1152283
quicksort_mm,inverso,100000,4,5432579,3796552
insertion_sort,inverso,200000,0,19999900000,19999900000
selection_sort,inverso,200000,0,19999900000,199999
mergesort,inverso,200000,0,3537856,7075712
heapsort,inverso,200000,0,6256303,3195728
quicksort,inverso,200000,0,19999900000,10000099999
quicksort_aleatorio,inverso,200000,0,4405401,2508021
quicksort_mm,inverso,200000,0,11716180,8124448
insertion_sort,inverso,200000,1,19999900000,19999900000
selection_sort,inverso,200000,1,19999900000,199999
mergesort,inverso,200000,1,3537856,7075712
heapsort,inverso,200000,1,6256303,3195728
quicksort,inverso,200000,1,19999900000,10000099999
quicksort_aleatorio,inverso,200000,1,4202254,2353080
quicksort_mm,inverso,200000,1,11716180,8124448
insertion_sort,inverso,200000,2,19999900000,19999900000
selection_sort,inverso,200000,2,19999900000,199999
mergesort,inverso,200000,2,3537856,7075712
heapsort,inverso,200000,2,6256303,3195728
quicksort,inverso,200000,2,19999900000,10000099999
quicksort_aleatorio,inverso,200000,2,4217476,2373310
quicksort_mm,inverso,200000,2,11716180,8124448
insertion_sort,inverso,200000,3,19999900000,19999900000
selection_sort,inverso,200000,3,19999900000,199999
mergesort,inverso,200000,3,3537856,7075712
heapsort,inverso,200000,3,6256303,3195728
quicksort,inverso,200000,3,19999900000,10000099999
quicksort_aleatorio,inverso,200000,3,4440145,2606756
quicksort_mm,inverso,200000,3,11716180,8124448
insertion_sort,inverso,200000,4,19999900000,19999900000
selection_sort,inverso,200000,4,19999900000,199999
mergesort,inverso,200000,4,3537856,7075712
heapsort,inverso,200000,4,6256303,3195728
quicksort,inverso,200000,4,19999900000,10000099999
quicksort_aleatorio,inverso,200000,4,4494246,2692437
quicksort_mm,inverso,200000,4,11716180,8124448
insertion_sort,inverso,500000,0,124999750000,124999750000
selection_sort,inverso,500000,0,124999750000,499999
mergesort,inverso,500000,0,9475712,18951424
heapsort,inverso,500000,0,16977997,8668450
quicksort,inverso,500000,0,124999750000,62500249999
quicksort_aleatorio,inverso,500000,0,11745467,5992275
quicksort_mm,inverso,500000,0,32072732,22176577
insertion_sort,inverso,500000,1,124999750000,124999750000
selection_sort,inverso,500000,1,124999750000,499999
mergesort,inverso,500000,1,9475712,18951424
heapsort,inverso,500000,1,16977997,8668450
quicksort,inverso,500000,1,124999750000,62500249999
quicksort_aleatorio,inverso,500000,1,12276178,6603009
quicksort_mm,inverso,500000,1,32072732,22176577
insertion_sort,inverso,500000,2,124999750000,124999750000
selection_sort,inverso,500000,2,124999750000,499999
mergesort,inverso,500000,2,9475712,18951424
heapsort,inverso,500000,2,16977997,8668450
quicksort,inverso,500000,2,124999750000,62500249999
quicksort_aleatorio,inverso,500000,2,11866233,6837338
quicksort_mm,inverso,500000,2,32072732,22176577
insertion_sort,inverso,500000,3,124999750000,124999750000
selection_sort,inverso,500000,3,124999750000,499999
mergesort,inverso,500000,3,9475712,18951424
heapsort,inverso,500000,3,16977997,8668450
quicksort,inverso,500000,3,124999750000,62500249999
quicksort_aleatorio,inverso,500000,3,11464464,6653503
quicksort_mm,inverso,500000,3,32072732,22176577
insertion_sort,inverso,500000,4,124999750000,124999750000
selection_sort,inverso,500000,4,124999750000,499999
mergesort,inverso,500000,4,9475712,18951424
heapsort,inverso,500000,4,16977997,8668450
quicksort,inverso,500000,4,124999750000,62500249999
quicksort_aleatorio,inverso,500000,4,11571735,6816425
quicksort_mm,inverso,500000,4,32072732,22176577
mergesort,inverso,1000000,0,19951424,39902848
heapsort,inverso,1000000,0,36001436,18333408
quicksort_aleatorio,inverso,1000000,0,25518641,12646514
quicksort_mm,inverso,1000000,0,68646897,47456252
mergesort,inverso,1000000,1,19951424,39902848
heapsort,inverso,1000000,1,36001436,18333408
quicksort_aleatorio,inverso,1000000,1,24595724,13276288
quicksort_mm,inverso,1000000,1,68646897,47456252
mergesort,inverso,1000000,2,19951424,39902848
heapsort,inverso,1000000,2,36001436,18333408
quicksort_aleatorio,inverso,1000000,2,24480166,13745679
quicksort_mm,inverso,1000000,2,68646897,47456252
mergesort,inverso,1000000,3,19951424,39902848
heapsort,inverso,1000000,3,36001436,18333408
quicksort_aleatorio,inverso,1000000,3,25322976,13012544
quicksort_mm,inverso,1000000,3,68646897,47456252
mergesort,inverso,1000000,4,19951424,39902848
heapsort,inverso,1000000,4,36001436,18333408
quicksort_aleatorio,inverso,1000000,4,24204871,13634886
quicksort_mm,inverso,1000000,4,68646897,47456252
mergesort,inverso,2000000,0,41902848,83805696
heapsort,inverso,2000000,0,75928333,38652416
quicksort_aleatorio,inverso,2000000,0,49399382,27676580
quicksort_mm,inverso,2000000,0,145268424,100017861
mergesort,inverso,2000000,1,41902848,83805696
heapsort,inverso,2000000,1,75928333,38652416
quicksort_aleatorio,inverso,2000000,1,51706349,28312182
quicksort_mm,inverso,2000000,1,145268424,100017861
mergesort,inverso,2000000,2,41902848,83805696
heapsort,inverso,2000000,2,75928333,38652416
quicksort_aleatorio,inverso,2000000,2,51454950,29146856
quicksort_mm,inverso,2000000,2,145268424,100017861
mergesort,inverso,2000000,3,41902848,83805696
heapsort,inverso,2000000,3,75928333,38652416
quicksort_aleatorio,inverso,2000000,3,52645736,28719018
quicksort_mm,inverso,2000000,3,145268424,100017861
mergesort,inverso,2000000,4,41902848,83805696
heapsort,inverso,2000000,4,75928333,38652416
quicksort_aleatorio,inverso,2000000,4,50456335,28259404
quicksort_mm,inverso,2000000,4,145268424,100017861
mergesort,inverso,5000000,0,111611392,223222784
heapsort,inverso,5000000,0,203310714,103556132
quicksort_aleatorio,inverso,5000000,0,137735342,75578741
quicksort_mm,inverso,5000000,0,391762606,269005001
mergesort,inverso,5000000,1,111611392,223222784
heapsort,inverso,5000000,1,203310714,103556132
quicksort_aleatorio,inverso,5000000,1,140606130,76633364
quicksort_mm,inverso,5000000,1,391762606,269005001
mergesort,inverso,5000000,2,111611392,223222784
heapsort,inverso,5000000,2,203310714,103556132
quicksort_aleatorio,inverso,5000000,2,137433278,76962450
quicksort_mm,inverso,5000000,2,391762606,269005001
mergesort,inverso,5000000,3,111611392,223222784
heapsort,inverso,5000000,3,203310714,103556132
quicksort_aleatorio,inverso,5000000,3,141579591,78655703
quicksort_mm,inverso,5000000,3,391762606,269005001
mergesort,inverso,5000000,4,111611392,223222784
heapsort,inverso,5000000,4,203310714,103556132
quicksort_aleatorio,inverso,5000000,4,134953763,74083439
quicksort_mm,inverso,5000000,4,391762606,269005001
mergesort,inverso,10000000,0,233222784,466445568
heapsort,inverso,10000000,0,426919609,216912428
quicksort_aleatorio,inverso,10000000,0,297633735,160766611
quicksort_mm,inverso,10000000,0,825032380,564819304
mergesort,inverso,10000000,1,233222784,466445568
heapsort,inverso,10000000,1,426919609,216912428
quicksort_aleatorio,inverso,10000000,1,285824490,151175701
quicksort_mm,inverso,10000000,1,825032380,564819304
mergesort,inverso,10000000,2,233222784,466445568
heapsort,inverso,10000000,2,426919609,216912428
quicksort_aleatorio,inverso,10000000,2,291790675,165075021
quicksort_mm,inverso,10000000,2,825032380,564819304
mergesort,inverso,10000000,3,233222784,466445568
heapsort,inverso,10000000,3,426919609,216912428
quicksort_aleatorio,inverso,10000000,3,285800499,160930455
quicksort_mm,inverso,10000000,3,825032380,564819304
mergesort,inverso,10000000,4,233222784,466445568
heapsort,inverso,10000000,4,426919609,216912428
quicksort_aleatorio,inverso,10000000,4,296755154,165178740
quicksort_mm,inverso,10000000,4,825032380,564819304
insertion_sort,quase,1000,0,30905,29906
selection_sort,quase,1000,0,499500,999
mergesort,quase,1000,0,9976,19952
heapsort,quase,1000,0,17462,9640
quicksort,quase,1000,0,34601,19887
quicksort_aleatorio,quase,1000,0,9974,6376
quicksort_mm,quase,1000,0,24765,16032
insertion_sort,quase,1000,1,31659,30660
selection_sort,quase,1000,1,499500,999
mergesort,quase,1000,1,9976,19952
heapsort,quase,1000,1,17488,9632
quicksort,quase,1000,1,35581,20076
quicksort_aleatorio,quase,1000,1,11371,6701
quicksort_mm,quase,1000,1,24757,15999
insertion_sort,quase,1000,2,31531,30532
selection_sort,quase,1000,2,499500,999
mergesort,quase,1000,2,9976,19952
heapsort,quase,1000,2,17470,9644
quicksort,quase,1000,2,31538,19202
quicksort_aleatorio,quase,1000,2,12016,6899
quicksort_mm,quase,1000,2,25031,16157
insertion_sort,quase,1000,3,35699,34700
selection_sort,quase,1000,3,499500,999
mergesort,quase,1000,3,9976,19952
heapsort,quase,1000,3,17478,9638
quicksort,quase,1000,3,27080,15553
quicksort_aleatorio,quase,1000,3,10423,6604
quicksort_mm,quase,1000,3,24909,16263
insertion_sort,quase,1000,4,28599,27600
selection_sort,quase,1000,4,499500,999
mergesort,quase,1000,4,9976,19952
heapsort,quase,1000,4,17519,9658
quicksort,quase,1000,4,43848,26035
quicksort_aleatorio,quase,1000,4,10818,5976
quicksort_mm,quase,1000,4,24950,16161
insertion_sort,quase,2000,0,130701,128702
selection_sort,quase,2000,0,1999000,1999
mergesort,quase,2000,0,21952,43904
heapsort,quase,2000,0,39031,21302
quicksort,quase,2000,0,63216,37508
quicksort_aleatorio,quase,2000,0,23661,15264
quicksort_mm,quase,2000,0,57577,37337
insertion_sort,quase,2000,1,115945,113948
selection_sort,quase,2000,1,1999000,1999
mergesort,quase,2000,1,21952,43904
heapsort,quase,2000,1,39087,21350
quicksort,quase,2000,1,58111,38169
quicksort_aleatorio,quase,2000,1,25046,14239
quicksort_mm,quase,2000,1,58099,37650
insertion_sort,quase,2000,2,131229,129230
selection_sort,quase,2000,2,1999000,1999
mergesort,quase,2000,2,21952,43904
heapsort,quase,2000,2,39052,21330
quicksort,quase,2000,2,52123,35059
quicksort_aleatorio,quase,2000,2,24972,15289
quicksort_mm,quase,2000,2,58045,37659
insertion_sort,quase,2000,3,123167,121168
selection_sort,quase,2000,3,1999000,1999
mergesort,quase,2000,3,21952,43904
heapsort,quase,2000,3,39056,21344
quicksort,quase,2000,3,89168,43663
quicksort_aleatorio,quase,2000,3,26932,16200
quicksort_mm,quase,2000,3,57504,37056
insertion_sort,quase,2000,4,143809,141810
selection_sort,quase,2000,4,1999000,1999
mergesort,quase,2000,4,21952,43904
heapsort,quase,2000,4,39055,21320
quicksort,quase,2000,4,92660,59827
quicksort_aleatorio,quase,2000,4,23707,15311
quicksort_mm,quase,2000,4,57407,37225
insertion_sort,quase,5000,0,773421,768422
selection_sort,quase,5000,0,12497500,4999
mergesort,quase,5000,0,61808,123616
heapsort,quase,5000,0,111715,60376
quicksort,quase,5000,0,154870,85088
quicksort_aleatorio,quase,5000,0,68662,41439
quicksort_mm,quase,5000,0,169333,109699
insertion_sort,quase,5000,1,730417,725418
selection_sort,quase,5000,1,12497500,4999
mergesort,quase,5000,1,61808,123616
heapsort,quase,5000,1,111731,60428
quicksort,quase,5000,1,274523,202048
quicksort_aleatorio,quase,5000,1,76077,47702
quicksort_mm,quase,5000,1,167389,108481
insertion_sort,quase,5000,2,753669,748670
selection_sort,quase,5000,2,12497500,4999
mergesort,quase,5000,2,61808,123616
heapsort,quase,5000,2,111732,60400
quicksort,quase,5000,2,266299,202302
quicksort_aleatorio,quase,5000,2,68274,42683
quicksort_mm,quase,5000,2,164912,106631
insertion_sort,quase,5000,3,746343,741344
selection_sort,quase,5000,3,12497500,4999
mergesort,quase,5000,3,61808,123616
heapsort,quase,5000,3,111728,60394
quicksort,quase,5000,3,195600,96063
quicksort_aleatorio,quase,5000,3,69387,41269
quicksort_mm,quase,5000,3,168419,109173
insertion_sort,quase,5000,4,757189,752190
selection_sort,quase,5000,4,12497500,4999
mergesort,quase,5000,4,61808,123616
heapsort,quase,5000,4,111640,60362
quicksort,quase,5000,4,202512,93294
quicksort_aleatorio,quase,5000,4,73425,45444
quicksort_mm,quase,5000,4,169769,110146
insertion_sort,quase,10000,0,3120439,3110440
selection_sort,quase,10000,0,49995000,9999
mergesort,quase,10000,0,133616,267232
heapsort,quase,10000,0,243594,130886
quicksort,quase,10000,0,383311,212713
quicksort_aleatorio,quase,10000,0,162415,86402
quicksort_mm,quase,10000,0,374921,242947
insertion_sort,quase,10000,1,2992839,2982840
selection_sort,quase,10000,1,49995000,9999
mergesort,quase,10000,1,133616,267232
heapsort,quase,10000,1,243559,130850
quicksort,quase,10000,1,542622,371599
quicksort_aleatorio,quase,10000,1,147861,83284
quicksort_mm,quase,10000,1,375501,242462
insertion_sort,quase,10000,2,3154761,3144764
selection_sort,quase,10000,2,49995000,9999
mergesort,quase,10000,2,133616,267232
heapsort,quase,10000,2,243561,130814
quicksort,quase,10000,2,345773,189690
quicksort_aleatorio,quase,10000,2,152518,90464
quicksort_mm,quase,10000,2,379587,246046
insertion_sort,quase,10000,3,3136657,3126658
selection_sort,quase,10000,3,49995000,9999
mergesort,quase,10000,3,133616,267232
heapsort,quase,10000,3,243550,130880
quicksort,quase,10000,3,317463,185329
quicksort_aleatorio,quase,10000,3,160359,86526
quicksort_mm,quase,10000,3,380132,246873
insertion_sort,quase,10000,4,3087402,3077403
selection_sort,quase,10000,4,49995000,9999
mergesort,quase,10000,4,133616,267232
heapsort,quase,10000,4,243514,130825
quicksort,quase,10000,4,451704,288563
quicksort_aleatorio,quase,10000,4,145535,83854
quicksort_mm,quase,10000,4,377873,244107
insertion_sort,quase,20000,0,12479245,12459246
selection_sort,quase,20000,0,199990000,19999
mergesort,quase,20000,0,287232,574464
heapsort,quase,20000,0,527195,281804
quicksort,quase,20000,0,1143135,607418
quicksort_aleatorio,quase,20000,0,349827,184498
quicksort_mm,quase,20000,0,841615,544193
insertion_sort,quase,20000,1,12364629,12344630
selection_sort,quase,20000,1,199990000,19999
mergesort,quase,20000,1,287232,574464
heapsort,quase,20000,1,527228,281794
quicksort,quase,20000,1,1002734,642715
quicksort_aleatorio,quase,20000,1,322904,193280
quicksort_mm,quase,20000,1,835482,540277
insertion_sort,quase,20000,2,12765787,12745788
selection_sort,quase,20000,2,199990000,19999
mergesort,quase,20000,2,287232,574464
heapsort,quase,20000,2,527165,281722
quicksort,quase,20000,2,1054777,613294
quicksort_aleatorio,quase,20000,2,349887,178591
quicksort_mm,quase,20000,2,831789,535714
insertion_sort,quase,20000,3,12577417,12557418
selection_sort,quase,20000,3,199990000,19999
mergesort,quase,20000,3,287232,574464
heapsort,quase,20000,3,527112,281702
quicksort,quase,20000,3,1457701,1035318
quicksort_aleatorio,quase,20000,3,323578,179888
quicksort_mm,quase,20000,3,837621,539973
insertion_sort,quase,20000,4,11904461,11884464
selection_sort,quase,20000,4,199990000,19999
mergesort,quase,20000,4,287232,574464
heapsort,quase,20000,4,527195,281812
quicksort,quase,20000,4,994237,427018
quicksort_aleatorio,quase,20000,4,344249,195771
quicksort_mm,quase,20000,4,836987,541614
insertion_sort,quase,50000,0,77481275,77431276
selection_sort,quase,50000,0,1249975000,49999
mergesort,quase,50000,0,784464,1568928
heapsort,quase,50000,0,1451267,771082
quicksort,quase,50000,0,3193238,1951671
quicksort_aleatorio,quase,50000,0,964791,547043
quicksort_mm,quase,50000,0,2365151,1531145
insertion_sort,quase,50000,1,78933303,78883306
selection_sort,quase,50000,1,1249975000,49999
mergesort,quase,50000,1,784464,1568928
heapsort,quase,50000,1,1451402,771296
quicksort,quase,50000,1,2943190,1658921
quicksort_aleatorio,quase,50000,1,893064,488354
quicksort_mm,quase,50000,1,2355375,1522176
insertion_sort,quase,50000,2,77981603,77931604
selection_sort,quase,50000,2,1249975000,49999
mergesort,quase,50000,2,784464,1568928
heapsort,quase,50000,2,1451263,771200
quicksort,quase,50000,2,3928353,2598718
quicksort_aleatorio,quase,50000,2,923136,479398
quicksort_mm,quase,50000,2,2362878,1529876
insertion_sort,quase,50000,3,76107773,76057774
selection_sort,quase,50000,3,1249975000,49999
mergesort,quase,50000,3,784464,1568928
heapsort,quase,50000,3,1451229,771160
quicksort,quase,50000,3,4182343,2972100
quicksort_aleatorio,quase,50000,3,952392,546119
quicksort_mm,quase,50000,3,2356269,1523336
insertion_sort,quase,50000,4,77840829,77790830
selection_sort,quase,50000,4,1249975000,49999
mergesort,quase,50000,4,784464,1568928
heapsort,quase,50000,4,1451489,771294
quicksort,quase,50000,4,2391194,1318393
quicksort_aleatorio,quase,50000,4,921198,525639
quicksort_mm,quase,50000,4,2371881,1535337
insertion_sort,quase,100000,0,313783275,313683276
selection_sort,quase,100000,0,4999950000,99999
mergesort,quase,100000,0,1668928,3337856
heapsort,quase,100000,0,3103742,1642628
quicksort,quase,100000,0,7642751,4212864
quicksort_aleatorio,quase,100000,0,1953152,1185224
quicksort_mm,quase,100000,0,5110911,3298558
insertion_sort,quase,100000,1,307426235,307326236
selection_sort,quase,100000,1,4999950000,99999
mergesort,quase,100000,1,1668928,3337856
heapsort,quase,100000,1,3104114,1642780
quicksort,quase,100000,1,7112097,4360463
quicksort_aleatorio,quase,100000,1,1933576,1110596
quicksort_mm,quase,100000,1,5140650,3326750
insertion_sort,quase,100000,2,309567293,309467294
selection_sort,quase,100000,2,4999950000,99999
mergesort,quase,100000,2,1668928,3337856
heapsort,quase,100000,2,3103792,1642708
quicksort,quase,100000,2,7633576,3877885
quicksort_aleatorio,quase,100000,2,2016882,1079705
quicksort_mm,quase,100000,2,5130936,3314164
insertion_sort,quase,100000,3,308941115,308841116
selection_sort,quase,100000,3,4999950000,99999
mergesort,quase,100000,3,1668928,3337856
heapsort,quase,100000,3,3103895,1642632
quicksort,quase,100000,3,7582625,3359449
quicksort_aleatorio,quase,100000,3,2009403,1102192
quicksort_mm,quase,100000,3,5128762,3319867
insertion_sort,quase,100000,4,308909663,308809664
selection_sort,quase,100000,4,4999950000,99999
mergesort,quase,100000,4,1668928,3337856
heapsort,quase,100000,4,3103961,1642784
quicksort,quase,100000,4,5057013,2611805
quicksort_aleatorio,quase,100000,4,1999249,1167639
quicksort_mm,quase,100000,4,5109189,3293522
insertion_sort,quase,200000,0,1242990419,1242790420
selection_sort,quase,200000,0,19999900000,199999
mergesort,quase,200000,0,3537856,7075712
heapsort,quase,200000,0,6611532,3486384
quicksort,quase,200000,0,12869770,8035067
quicksort_aleatorio,quase,200000,0,4466634,2403920
quicksort_mm,quase,200000,0,11103227,7185922
insertion_sort,quase,200000,1,1255283809,1255083810
selection_sort,quase,200000,1,19999900000,199999
mergesort,quase,200000,1,3537856,7075712
heapsort,quase,200000,1,6611412,3486414
quicksort,quase,200000,1,11392369,6230829
quicksort_aleatorio,quase,200000,1,4260967,2441490
quicksort_mm,quase,200000,1,11079766,7164421
insertion_sort,quase,200000,2,1239675409,1239475410
selection_sort,quase,200000,2,19999900000,199999
mergesort,quase,200000,2,3537856,7075712
heapsort,quase,200000,2,6611298,3486348
quicksort,quase,200000,2,11505243,6310041
quicksort_aleatorio,quase,200000,2,4473568,2363681
quicksort_mm,quase,200000,2,11062739,7142252
insertion_sort,quase,200000,3,1252529767,1252329768
selection_sort,quase,200000,3,19999900000,199999
mergesort,quase,200000,3,3537856,7075712
heapsort,quase,200000,3,6611274,3486254
quicksort,quase,200000,3,10314338,4455064
quicksort_aleatorio,quase,200000,3,4210477,2365284
quicksort_mm,quase,200000,3,11093715,7181669
insertion_sort,quase,200000,4,1238615999,1238416000
selection_sort,quase,200000,4,19999900000,199999
mergesort,quase,200000,4,3537856,7075712
heapsort,quase,200000,4,6611445,3486368
quicksort,quase,200000,4,11156025,4996406
quicksort_aleatorio,quase,200000,4,4197372,2261253
quicksort_mm,quase,200000,4,11105147,7181693
insertion_sort,quase,500000,0,7750532527,7750032528
selection_sort,quase,500000,0,124999750000,499999
mergesort,quase,500000,0,9475712,18951424
heapsort,quase,500000,0,17804839,9352920
quicksort,quase,500000,0,30570802,13085598
quicksort_aleatorio,quase,500000,0,11707406,6502121
quicksort_mm,quase,500000,0,30482355,19727688
insertion_sort,quase,500000,1,7766930099,7766430100
selection_sort,quase,500000,1,124999750000,499999
mergesort,quase,500000,1,9475712,18951424
heapsort,quase,500000,1,17805209,9353490
quicksort,quase,500000,1,27419941,12399639
quicksort_aleatorio,quase,500000,1,11832278,6017867
quicksort_mm,quase,500000,1,30094153,19454482
insertion_sort,quase,500000,2,7720955365,7720455366
selection_sort,quase,500000,2,124999750000,499999
mergesort,quase,500000,2,9475712,18951424
heapsort,quase,500000,2,17804900,9353436
quicksort,quase,500000,2,33032818,15537983
quicksort_aleatorio,quase,500000,2,11714691,6621191
quicksort_mm,quase,500000,2,30422980,19677377
insertion_sort,quase,500000,3,7747902913,7747402914
selection_sort,quase,500000,3,124999750000,499999
mergesort,quase,500000,3,9475712,18951424
heapsort,quase,500000,3,17805126,9353132
quicksort,quase,500000,3,42441063,26809928
quicksort_aleatorio,quase,500000,3,11446833,6401056
quicksort_mm,quase,500000,3,30408557,19618958
insertion_sort,quase,500000,4,7733286985,7732786988
selection_sort,quase,500000,4,124999750000,499999
mergesort,quase,500000,4,9475712,18951424
heapsort,quase,500000,4,17805455,9353454
quicksort,quase,500000,4,41920575,25961205
quicksort_aleatorio,quase,500000,4,11436210,6586236
quicksort_mm,quase,500000,4,30402680,19620339
mergesort,quase,1000000,0,19951424,39902848
heapsort,quase,1000000,0,37628626,19718926
quicksort,quase,1000000,0,79506864,47939091
quicksort_aleatorio,quase,1000000,0,23652349,13392391
quicksort_mm,quase,1000000,0,64930400,41932049
mergesort,quase,1000000,1,19951424,39902848
heapsort,quase,1000000,1,37629852,19719094
quicksort,quase,1000000,1,90161485,50376013
quicksort_aleatorio,quase,1000000,1,25051655,14131452
quicksort_mm,quase,1000000,1,65181288,42150024
mergesort,quase,1000000,2,19951424,39902848
heapsort,quase,1000000,2,37628498,19718907
quicksort,quase,1000000,2,76130696,38246361
quicksort_aleatorio,quase,1000000,2,25267281,14189930
quicksort_mm,quase,1000000,2,65116329,42044594
mergesort,quase,1000000,3,19951424,39902848
heapsort,quase,1000000,3,37628724,19718940
quicksort,quase,1000000,3,105023329,62456977
quicksort_aleatorio,quase,1000000,3,24611444,13107902
quicksort_mm,quase,1000000,3,64854381,41830349
mergesort,quase,1000000,4,19951424,39902848
heapsort,quase,1000000,4,37629064,19719236
quicksort,quase,1000000,4,59714583,28453299
quicksort_aleatorio,quase,1000000,4,24097611,13035148
quicksort_mm,quase,1000000,4,65084228,42080016
mergesort,quase,2000000,0,41902848,83805696
heapsort,quase,2000000,0,79282602,41451734
quicksort,quase,2000000,0,157476818,86386802
quicksort_aleatorio,quase,2000000,0,51415419,27917466
quicksort_mm,quase,2000000,0,138205468,89192248
mergesort,quase,2000000,1,41902848,83805696
heapsort,quase,2000000,1,79281975,41452258
quicksort,quase,2000000,1,144997399,61286740
quicksort_aleatorio,quase,2000000,1,50504070,27649708
quicksort_mm,quase,2000000,1,138283973,89334960
mergesort,quase,2000000,2,41902848,83805696
heapsort,quase,2000000,2,79283335,41452242
quicksort,quase,2000000,2,154456797,93694104
quicksort_aleatorio,quase,2000000,2,50373285,28309628
quicksort_mm,quase,2000000,2,138574887,89614134
mergesort,quase,2000000,3,41902848,83805696
heapsort,quase,2000000,3,79281891,41451912
quicksort,quase,2000000,3,191839777,103315922
quicksort_aleatorio,quase,2000000,3,52965798,28345042
quicksort_mm,quase,2000000,3,137868927,89077292
mergesort,quase,2000000,4,41902848,83805696
heapsort,quase,2000000,4,79282015,41451464
quicksort,quase,2000000,4,167810309,89962410
quicksort_aleatorio,quase,2000000,4,54520674,30058043
quicksort_mm,quase,2000000,4,138257096,89300566
mergesort,quase,5000000,0,111611392,223222784
heapsort,quase,5000000,0,211918447,110491544
quicksort,quase,5000000,0,421207197,174949748
quicksort_aleatorio,quase,5000000,0,139704755,74929907
quicksort_mm,quase,5000000,0,373717388,241601988
mergesort,quase,5000000,1,111611392,223222784
heapsort,quase,5000000,1,211917658,110489840
quicksort,quase,5000000,1,426047896,210834617
quicksort_aleatorio,quase,5000000,1,148254668,82578571
quicksort_mm,quase,5000000,1,373060145,240718696
mergesort,quase,5000000,2,111611392,223222784
heapsort,quase,5000000,2,211918193,110490998
quicksort,quase,5000000,2,407255095,188584614
quicksort_aleatorio,quase,5000000,2,140620357,78606568
quicksort_mm,quase,5000000,2,372350879,240087651
mergesort,quase,5000000,3,111611392,223222784
heapsort,quase,5000000,3,211917739,110490226
quicksort,quase,5000000,3,405319141,202301406
quicksort_aleatorio,quase,5000000,3,139249544,73568281
quicksort_mm,quase,5000000,3,372902758,240735920
mergesort,quase,5000000,4,111611392,223222784
heapsort,quase,5000000,4,211918423,110491056
quicksort,quase,5000000,4,427172902,220108466
quicksort_aleatorio,quase,5000000,4,142951784,79277578
quicksort_mm,quase,5000000,4,374078221,241875194
mergesort,quase,10000000,0,233222784,466445568
heapsort,quase,10000000,0,443853783,230999954
quicksort,quase,10000000,0,1242451801,503720846
quicksort_aleatorio,quase,10000000,0,289021983,164997745
quicksort_mm,quase,10000000,0,789108203,509891476
mergesort,quase,10000000,1,233222784,466445568
heapsort,quase,10000000,1,443855008,231001015
quicksort,quase,10000000,1,882901327,477249311
quicksort_aleatorio,quase,10000000,1,293563741,156066629
quicksort_mm,quase,10000000,1,790479638,511276970
mergesort,quase,10000000,2,233222784,466445568
heapsort,quase,10000000,2,443855705,231003288
quicksort,quase,10000000,2,852504280,441648157
quicksort_aleatorio,quase,10000000,2,291811060,163908464
quicksort_mm,quase,10000000,2,789491607,510140248
mergesort,quase,10000000,3,233222784,466445568
heapsort,quase,10000000,3,443858418,231003704
quicksort,quase,10000000,3,1038740556,561683326
quicksort_aleatorio,quase,10000000,3,302451399,166764107
quicksort_mm,quase,10000000,3,787406041,508475043
mergesort,quase,10000000,4,233222784,466445568
heapsort,quase,10000000,4,443857094,231001378
quicksort,quase,10000000,4,930508280,519021352
quicksort_aleatorio,quase,10000000,4,289580328,154671318
quicksort_mm,quase,10000000,4,788156513,508625975
