algoritmo,entrada,n,rep,tempo_s
insertion_sort,aleatorio,1000,0,0.000158400
selection_sort,aleatorio,1000,0,0.000528900
mergesort,aleatorio,1000,0,0.000078900
heapsort,aleatorio,1000,0,0.000074500
quicksort,aleatorio,1000,0,0.000049900
quicksort_aleatorio,aleatorio,1000,0,0.000061300
quicksort_mm,aleatorio,1000,0,0.000135300
insertion_sort,aleatorio,1000,1,0.000151700
selection_sort,aleatorio,1000,1,0.000523000
mergesort,aleatorio,1000,1,0.000090700
heapsort,aleatorio,1000,1,0.000074400
quicksort,aleatorio,1000,1,0.000050600
quicksort_aleatorio,aleatorio,1000,1,0.000060100
quicksort_mm,aleatorio,1000,1,0.000135500
insertion_sort,aleatorio,1000,2,0.000181200
selection_sort,aleatorio,1000,2,0.000475100
mergesort,aleatorio,1000,2,0.000069400
heapsort,aleatorio,1000,2,0.000075200
quicksort,aleatorio,1000,2,0.000050800
quicksort_aleatorio,aleatorio,1000,2,0.000062500
quicksort_mm,aleatorio,1000,2,0.000148900
insertion_sort,aleatorio,1000,3,0.000155900
selection_sort,aleatorio,1000,3,0.000476400
mergesort,aleatorio,1000,3,0.000069900
heapsort,aleatorio,1000,3,0.000075200
quicksort,aleatorio,1000,3,0.000050600
quicksort_aleatorio,aleatorio,1000,3,0.000061700
quicksort_mm,aleatorio,1000,3,0.000149300
insertion_sort,aleatorio,1000,4,0.000150800
selection_sort,aleatorio,1000,4,0.000475800
mergesort,aleatorio,1000,4,0.000069000
heapsort,aleatorio,1000,4,0.000074400
quicksort,aleatorio,1000,4,0.000072300
quicksort_aleatorio,aleatorio,1000,4,0.000090400
quicksort_mm,aleatorio,1000,4,0.000186700
insertion_sort,aleatorio,1000,5,0.000205700
selection_sort,aleatorio,1000,5,0.000999700
mergesort,aleatorio,1000,5,0.000099000
heapsort,aleatorio,1000,5,0.000083500
quicksort,aleatorio,1000,5,0.000057900
quicksort_aleatorio,aleatorio,1000,5,0.000071600
quicksort_mm,aleatorio,1000,5,0.000154100
insertion_sort,aleatorio,1000,6,0.000174700
selection_sort,aleatorio,1000,6,0.000578100
mergesort,aleatorio,1000,6,0.000088900
heapsort,aleatorio,1000,6,0.000083300
quicksort,aleatorio,1000,6,0.000058700
quicksort_aleatorio,aleatorio,1000,6,0.000069800
quicksort_mm,aleatorio,1000,6,0.000152200
insertion_sort,aleatorio,1000,7,0.000176500
selection_sort,aleatorio,1000,7,0.000539800
mergesort,aleatorio,1000,7,0.000079200
heapsort,aleatorio,1000,7,0.000086200
quicksort,aleatorio,1000,7,0.000060200
quicksort_aleatorio,aleatorio,1000,7,0.000070200
quicksort_mm,aleatorio,1000,7,0.000147800
insertion_sort,aleatorio,1000,8,0.000269900
selection_sort,aleatorio,1000,8,0.001152500
mergesort,aleatorio,1000,8,0.000079300
heapsort,aleatorio,1000,8,0.000105500
quicksort,aleatorio,1000,8,0.000057800
quicksort_aleatorio,aleatorio,1000,8,0.000069200
quicksort_mm,aleatorio,1000,8,0.000156700
insertion_sort,aleatorio,1000,9,0.000186800
selection_sort,aleatorio,1000,9,0.000555800
mergesort,aleatorio,1000,9,0.000070400
heapsort,aleatorio,1000,9,0.000074100
quicksort,aleatorio,1000,9,0.000049800
quicksort_aleatorio,aleatorio,1000,9,0.000061700
quicksort_mm,aleatorio,1000,9,0.000163700
insertion_sort,aleatorio,2000,0,0.000604300
selection_sort,aleatorio,2000,0,0.001882900
mergesort,aleatorio,2000,0,0.000183700
heapsort,aleatorio,2000,0,0.000180200
quicksort,aleatorio,2000,0,0.000138500
quicksort_aleatorio,aleatorio,2000,0,0.000143900
quicksort_mm,aleatorio,2000,0,0.000330500
insertion_sort,aleatorio,2000,1,0.000629400
selection_sort,aleatorio,2000,1,0.001884600
mergesort,aleatorio,2000,1,0.000148000
heapsort,aleatorio,2000,1,0.000160400
quicksort,aleatorio,2000,1,0.000108000
quicksort_aleatorio,aleatorio,2000,1,0.000128500
quicksort_mm,aleatorio,2000,1,0.000318700
insertion_sort,aleatorio,2000,2,0.000597300
selection_sort,aleatorio,2000,2,0.001916700
mergesort,aleatorio,2000,2,0.000147800
heapsort,aleatorio,2000,2,0.000160800
quicksort,aleatorio,2000,2,0.000109000
quicksort_aleatorio,aleatorio,2000,2,0.000155200
quicksort_mm,aleatorio,2000,2,0.000287100
insertion_sort,aleatorio,2000,3,0.000637700
selection_sort,aleatorio,2000,3,0.001902800
mergesort,aleatorio,2000,3,0.000181900
heapsort,aleatorio,2000,3,0.000505200
quicksort,aleatorio,2000,3,0.000145900
quicksort_aleatorio,aleatorio,2000,3,0.000156500
quicksort_mm,aleatorio,2000,3,0.000332100
insertion_sort,aleatorio,2000,4,0.000734400
selection_sort,aleatorio,2000,4,0.001889200
mergesort,aleatorio,2000,4,0.000147600
heapsort,aleatorio,2000,4,0.000220800
quicksort,aleatorio,2000,4,0.000107700
quicksort_aleatorio,aleatorio,2000,4,0.000126700
quicksort_mm,aleatorio,2000,4,0.000288300
insertion_sort,aleatorio,2000,5,0.000632600
selection_sort,aleatorio,2000,5,0.001951100
mergesort,aleatorio,2000,5,0.000148100
heapsort,aleatorio,2000,5,0.000161200
quicksort,aleatorio,2000,5,0.000105700
quicksort_aleatorio,aleatorio,2000,5,0.000129400
quicksort_mm,aleatorio,2000,5,0.000314000
insertion_sort,aleatorio,2000,6,0.000684400
selection_sort,aleatorio,2000,6,0.001899200
mergesort,aleatorio,2000,6,0.000176100
heapsort,aleatorio,2000,6,0.000160100
quicksort,aleatorio,2000,6,0.000108600
quicksort_aleatorio,aleatorio,2000,6,0.000129100
quicksort_mm,aleatorio,2000,6,0.000290700
insertion_sort,aleatorio,2000,7,0.000631600
selection_sort,aleatorio,2000,7,0.001862200
mergesort,aleatorio,2000,7,0.000148100
heapsort,aleatorio,2000,7,0.000163900
quicksort,aleatorio,2000,7,0.000108200
quicksort_aleatorio,aleatorio,2000,7,0.000130900
quicksort_mm,aleatorio,2000,7,0.000316800
insertion_sort,aleatorio,2000,8,0.000633700
selection_sort,aleatorio,2000,8,0.003464200
mergesort,aleatorio,2000,8,0.000168300
heapsort,aleatorio,2000,8,0.000179800
quicksort,aleatorio,2000,8,0.000119600
quicksort_aleatorio,aleatorio,2000,8,0.000145700
quicksort_mm,aleatorio,2000,8,0.000337700
insertion_sort,aleatorio,2000,9,0.000621200
selection_sort,aleatorio,2000,9,0.001896200
mergesort,aleatorio,2000,9,0.000146400
heapsort,aleatorio,2000,9,0.000194700
quicksort,aleatorio,2000,9,0.000109200
quicksort_aleatorio,aleatorio,2000,9,0.000129000
quicksort_mm,aleatorio,2000,9,0.000330300
insertion_sort,aleatorio,5000,0,0.003887000
selection_sort,aleatorio,5000,0,0.012615900
mergesort,aleatorio,5000,0,0.000460200
heapsort,aleatorio,5000,0,0.000503800
quicksort,aleatorio,5000,0,0.000293100
quicksort_aleatorio,aleatorio,5000,0,0.000341600
quicksort_mm,aleatorio,5000,0,0.000826700
insertion_sort,aleatorio,5000,1,0.003913100
selection_sort,aleatorio,5000,1,0.013254700
mergesort,aleatorio,5000,1,0.000448100
heapsort,aleatorio,5000,1,0.000494100
quicksort,aleatorio,5000,1,0.000330400
quicksort_aleatorio,aleatorio,5000,1,0.000395100
quicksort_mm,aleatorio,5000,1,0.000909900
insertion_sort,aleatorio,5000,2,0.005164400
selection_sort,aleatorio,5000,2,0.012576200
mergesort,aleatorio,5000,2,0.000452200
heapsort,aleatorio,5000,2,0.000490700
quicksort,aleatorio,5000,2,0.000333000
quicksort_aleatorio,aleatorio,5000,2,0.000447100
quicksort_mm,aleatorio,5000,2,0.001356500
insertion_sort,aleatorio,5000,3,0.004536700
selection_sort,aleatorio,5000,3,0.013472600
mergesort,aleatorio,5000,3,0.000501100
heapsort,aleatorio,5000,3,0.000485400
quicksort,aleatorio,5000,3,0.000306000
quicksort_aleatorio,aleatorio,5000,3,0.000393200
quicksort_mm,aleatorio,5000,3,0.000833100
insertion_sort,aleatorio,5000,4,0.004162400
selection_sort,aleatorio,5000,4,0.012559900
mergesort,aleatorio,5000,4,0.000426100
heapsort,aleatorio,5000,4,0.000460000
quicksort,aleatorio,5000,4,0.000297100
quicksort_aleatorio,aleatorio,5000,4,0.000404500
quicksort_mm,aleatorio,5000,4,0.000843300
insertion_sort,aleatorio,5000,5,0.003789000
selection_sort,aleatorio,5000,5,0.015405900
mergesort,aleatorio,5000,5,0.000398000
heapsort,aleatorio,5000,5,0.000481900
quicksort,aleatorio,5000,5,0.000297500
quicksort_aleatorio,aleatorio,5000,5,0.000350400
quicksort_mm,aleatorio,5000,5,0.000831400
insertion_sort,aleatorio,5000,6,0.004911000
selection_sort,aleatorio,5000,6,0.013652400
mergesort,aleatorio,5000,6,0.000397800
heapsort,aleatorio,5000,6,0.000491400
quicksort,aleatorio,5000,6,0.000315600
quicksort_aleatorio,aleatorio,5000,6,0.000553100
quicksort_mm,aleatorio,5000,6,0.001565100
insertion_sort,aleatorio,5000,7,0.004484000
selection_sort,aleatorio,5000,7,0.012504800
mergesort,aleatorio,5000,7,0.000400700
heapsort,aleatorio,5000,7,0.000521100
quicksort,aleatorio,5000,7,0.000291600
quicksort_aleatorio,aleatorio,5000,7,0.000349500
quicksort_mm,aleatorio,5000,7,0.000828300
insertion_sort,aleatorio,5000,8,0.004192400
selection_sort,aleatorio,5000,8,0.013186900
mergesort,aleatorio,5000,8,0.000399600
heapsort,aleatorio,5000,8,0.000450000
quicksort,aleatorio,5000,8,0.000325000
quicksort_aleatorio,aleatorio,5000,8,0.000350300
quicksort_mm,aleatorio,5000,8,0.000883600
insertion_sort,aleatorio,5000,9,0.004041400
selection_sort,aleatorio,5000,9,0.013176600
mergesort,aleatorio,5000,9,0.000426900
heapsort,aleatorio,5000,9,0.000439600
quicksort,aleatorio,5000,9,0.000291500
quicksort_aleatorio,aleatorio,5000,9,0.000377300
quicksort_mm,aleatorio,5000,9,0.000837900
insertion_sort,aleatorio,10000,0,0.017816500
selection_sort,aleatorio,10000,0,0.050989400
mergesort,aleatorio,10000,0,0.000912300
heapsort,aleatorio,10000,0,0.000963500
quicksort,aleatorio,10000,0,0.000684900
quicksort_aleatorio,aleatorio,10000,0,0.002056600
quicksort_mm,aleatorio,10000,0,0.002032600
insertion_sort,aleatorio,10000,1,0.017359400
selection_sort,aleatorio,10000,1,0.054902900
mergesort,aleatorio,10000,1,0.000878400
heapsort,aleatorio,10000,1,0.000967800
quicksort,aleatorio,10000,1,0.000623200
quicksort_aleatorio,aleatorio,10000,1,0.000800000
quicksort_mm,aleatorio,10000,1,0.002003000
insertion_sort,aleatorio,10000,2,0.017569600
selection_sort,aleatorio,10000,2,0.049976000
mergesort,aleatorio,10000,2,0.001960100
heapsort,aleatorio,10000,2,0.001356200
quicksort,aleatorio,10000,2,0.000724600
quicksort_aleatorio,aleatorio,10000,2,0.000741400
quicksort_mm,aleatorio,10000,2,0.001723100
insertion_sort,aleatorio,10000,3,0.017046200
selection_sort,aleatorio,10000,3,0.050136300
mergesort,aleatorio,10000,3,0.000960500
heapsort,aleatorio,10000,3,0.001025500
quicksort,aleatorio,10000,3,0.000624400
quicksort_aleatorio,aleatorio,10000,3,0.000761100
quicksort_mm,aleatorio,10000,3,0.001837200
insertion_sort,aleatorio,10000,4,0.020963000
selection_sort,aleatorio,10000,4,0.049063200
mergesort,aleatorio,10000,4,0.000914000
heapsort,aleatorio,10000,4,0.002638600
quicksort,aleatorio,10000,4,0.000629300
quicksort_aleatorio,aleatorio,10000,4,0.000835100
quicksort_mm,aleatorio,10000,4,0.002013900
insertion_sort,aleatorio,10000,5,0.018481400
selection_sort,aleatorio,10000,5,0.049249200
mergesort,aleatorio,10000,5,0.000930900
heapsort,aleatorio,10000,5,0.000967300
quicksort,aleatorio,10000,5,0.000629900
quicksort_aleatorio,aleatorio,10000,5,0.000770000
quicksort_mm,aleatorio,10000,5,0.001801500
insertion_sort,aleatorio,10000,6,0.017143600
selection_sort,aleatorio,10000,6,0.066785500
mergesort,aleatorio,10000,6,0.000975900
heapsort,aleatorio,10000,6,0.001185400
quicksort,aleatorio,10000,6,0.000713300
quicksort_aleatorio,aleatorio,10000,6,0.002167200
quicksort_mm,aleatorio,10000,6,0.002425700
insertion_sort,aleatorio,10000,7,0.019579800
selection_sort,aleatorio,10000,7,0.054333200
mergesort,aleatorio,10000,7,0.000888200
heapsort,aleatorio,10000,7,0.000972200
quicksort,aleatorio,10000,7,0.000648200
quicksort_aleatorio,aleatorio,10000,7,0.000763600
quicksort_mm,aleatorio,10000,7,0.003723500
insertion_sort,aleatorio,10000,8,0.017426900
selection_sort,aleatorio,10000,8,0.051965100
mergesort,aleatorio,10000,8,0.001107400
heapsort,aleatorio,10000,8,0.001295200
quicksort,aleatorio,10000,8,0.000906900
quicksort_aleatorio,aleatorio,10000,8,0.000916700
quicksort_mm,aleatorio,10000,8,0.002402500
insertion_sort,aleatorio,10000,9,0.022855600
selection_sort,aleatorio,10000,9,0.049370000
mergesort,aleatorio,10000,9,0.001120900
heapsort,aleatorio,10000,9,0.001150300
quicksort,aleatorio,10000,9,0.000704500
quicksort_aleatorio,aleatorio,10000,9,0.000783200
quicksort_mm,aleatorio,10000,9,0.001809000
insertion_sort,aleatorio,20000,0,0.067815500
selection_sort,aleatorio,20000,0,0.204621400
mergesort,aleatorio,20000,0,0.002408200
heapsort,aleatorio,20000,0,0.003246700
quicksort,aleatorio,20000,0,0.001648000
quicksort_aleatorio,aleatorio,20000,0,0.001749200
quicksort_mm,aleatorio,20000,0,0.004120900
insertion_sort,aleatorio,20000,1,0.069420500
selection_sort,aleatorio,20000,1,0.208551300
mergesort,aleatorio,20000,1,0.001808500
heapsort,aleatorio,20000,1,0.002132100
quicksort,aleatorio,20000,1,0.001335500
quicksort_aleatorio,aleatorio,20000,1,0.001567800
quicksort_mm,aleatorio,20000,1,0.004063800
insertion_sort,aleatorio,20000,2,0.070904800
selection_sort,aleatorio,20000,2,0.197846200
mergesort,aleatorio,20000,2,0.002151900
heapsort,aleatorio,20000,2,0.002141100
quicksort,aleatorio,20000,2,0.001430700
quicksort_aleatorio,aleatorio,20000,2,0.001690300
quicksort_mm,aleatorio,20000,2,0.004055900
insertion_sort,aleatorio,20000,3,0.071871100
selection_sort,aleatorio,20000,3,0.193457800
mergesort,aleatorio,20000,3,0.001915500
heapsort,aleatorio,20000,3,0.002124100
quicksort,aleatorio,20000,3,0.002515100
quicksort_aleatorio,aleatorio,20000,3,0.001662900
quicksort_mm,aleatorio,20000,3,0.004327300
insertion_sort,aleatorio,20000,4,0.069577500
selection_sort,aleatorio,20000,4,0.208982300
mergesort,aleatorio,20000,4,0.003083100
heapsort,aleatorio,20000,4,0.002112100
quicksort,aleatorio,20000,4,0.001340100
quicksort_aleatorio,aleatorio,20000,4,0.001568900
quicksort_mm,aleatorio,20000,4,0.003941900
insertion_sort,aleatorio,20000,5,0.071870800
selection_sort,aleatorio,20000,5,0.212892600
mergesort,aleatorio,20000,5,0.002316500
heapsort,aleatorio,20000,5,0.003060200
quicksort,aleatorio,20000,5,0.001844800
quicksort_aleatorio,aleatorio,20000,5,0.001803600
quicksort_mm,aleatorio,20000,5,0.004318300
insertion_sort,aleatorio,20000,6,0.072808000
selection_sort,aleatorio,20000,6,0.203945100
mergesort,aleatorio,20000,6,0.001836400
heapsort,aleatorio,20000,6,0.002156100
quicksort,aleatorio,20000,6,0.001369100
quicksort_aleatorio,aleatorio,20000,6,0.001669800
quicksort_mm,aleatorio,20000,6,0.005113600
insertion_sort,aleatorio,20000,7,0.070522100
selection_sort,aleatorio,20000,7,0.201034300
mergesort,aleatorio,20000,7,0.001851100
heapsort,aleatorio,20000,7,0.002098600
quicksort,aleatorio,20000,7,0.001397400
quicksort_aleatorio,aleatorio,20000,7,0.001707600
quicksort_mm,aleatorio,20000,7,0.005595900
insertion_sort,aleatorio,20000,8,0.069479500
selection_sort,aleatorio,20000,8,0.196165300
mergesort,aleatorio,20000,8,0.001932000
heapsort,aleatorio,20000,8,0.002146400
quicksort,aleatorio,20000,8,0.001357200
quicksort_aleatorio,aleatorio,20000,8,0.001679700
quicksort_mm,aleatorio,20000,8,0.004021800
insertion_sort,aleatorio,20000,9,0.075168500
selection_sort,aleatorio,20000,9,0.196926100
mergesort,aleatorio,20000,9,0.001905900
heapsort,aleatorio,20000,9,0.002106400
quicksort,aleatorio,20000,9,0.001377000
quicksort_aleatorio,aleatorio,20000,9,0.002237600
quicksort_mm,aleatorio,20000,9,0.006660300
insertion_sort,aleatorio,50000,0,0.454318000
selection_sort,aleatorio,50000,0,1.261391400
mergesort,aleatorio,50000,0,0.005024600
heapsort,aleatorio,50000,0,0.005866800
quicksort,aleatorio,50000,0,0.004946600
quicksort_aleatorio,aleatorio,50000,0,0.004443900
quicksort_mm,aleatorio,50000,0,0.012200800
insertion_sort,aleatorio,50000,1,0.438587600
selection_sort,aleatorio,50000,1,1.263605900
mergesort,aleatorio,50000,1,0.005304200
heapsort,aleatorio,50000,1,0.007529600
quicksort,aleatorio,50000,1,0.003885900
quicksort_aleatorio,aleatorio,50000,1,0.004452400
quicksort_mm,aleatorio,50000,1,0.014420900
insertion_sort,aleatorio,50000,2,0.445096900
selection_sort,aleatorio,50000,2,1.305616600
mergesort,aleatorio,50000,2,0.006479900
heapsort,aleatorio,50000,2,0.006575300
quicksort,aleatorio,50000,2,0.004350500
quicksort_aleatorio,aleatorio,50000,2,0.005565600
quicksort_mm,aleatorio,50000,2,0.012533000
insertion_sort,aleatorio,50000,3,0.490433300
selection_sort,aleatorio,50000,3,1.277941100
mergesort,aleatorio,50000,3,0.005502800
heapsort,aleatorio,50000,3,0.005967200
quicksort,aleatorio,50000,3,0.003860200
quicksort_aleatorio,aleatorio,50000,3,0.004842000
quicksort_mm,aleatorio,50000,3,0.013275200
insertion_sort,aleatorio,50000,4,0.447897200
selection_sort,aleatorio,50000,4,1.302469400
mergesort,aleatorio,50000,4,0.005557500
heapsort,aleatorio,50000,4,0.006468900
quicksort,aleatorio,50000,4,0.005279900
quicksort_aleatorio,aleatorio,50000,4,0.004648400
quicksort_mm,aleatorio,50000,4,0.012873700
insertion_sort,aleatorio,50000,5,0.474565200
selection_sort,aleatorio,50000,5,1.243186300
mergesort,aleatorio,50000,5,0.005498300
heapsort,aleatorio,50000,5,0.008904600
quicksort,aleatorio,50000,5,0.003851100
quicksort_aleatorio,aleatorio,50000,5,0.004527300
quicksort_mm,aleatorio,50000,5,0.014964300
insertion_sort,aleatorio,50000,6,0.444335200
selection_sort,aleatorio,50000,6,1.351402000
mergesort,aleatorio,50000,6,0.006533700
heapsort,aleatorio,50000,6,0.007166800
quicksort,aleatorio,50000,6,0.004202600
quicksort_aleatorio,aleatorio,50000,6,0.005568000
quicksort_mm,aleatorio,50000,6,0.011792300
insertion_sort,aleatorio,50000,7,0.443001400
selection_sort,aleatorio,50000,7,1.269703600
mergesort,aleatorio,50000,7,0.005191800
heapsort,aleatorio,50000,7,0.007093400
quicksort,aleatorio,50000,7,0.003712200
quicksort_aleatorio,aleatorio,50000,7,0.004409100
quicksort_mm,aleatorio,50000,7,0.012159800
insertion_sort,aleatorio,50000,8,0.436809800
selection_sort,aleatorio,50000,8,1.229188300
mergesort,aleatorio,50000,8,0.010229300
heapsort,aleatorio,50000,8,0.007115500
quicksort,aleatorio,50000,8,0.006142700
quicksort_aleatorio,aleatorio,50000,8,0.005675400
quicksort_mm,aleatorio,50000,8,0.014581800
insertion_sort,aleatorio,50000,9,0.506964700
selection_sort,aleatorio,50000,9,1.383341400
mergesort,aleatorio,50000,9,0.005478900
heapsort,aleatorio,50000,9,0.005789700
quicksort,aleatorio,50000,9,0.004115900
quicksort_aleatorio,aleatorio,50000,9,0.004805900
quicksort_mm,aleatorio,50000,9,0.011164100
mergesort,aleatorio,100000,0,0.011768200
heapsort,aleatorio,100000,0,0.013555100
quicksort,aleatorio,100000,0,0.008137900
quicksort_aleatorio,aleatorio,100000,0,0.010958300
quicksort_mm,aleatorio,100000,0,0.024654500
mergesort,aleatorio,100000,1,0.011526000
heapsort,aleatorio,100000,1,0.013304200
quicksort,aleatorio,100000,1,0.008702900
quicksort_aleatorio,aleatorio,100000,1,0.010098700
quicksort_mm,aleatorio,100000,1,0.025184800
mergesort,aleatorio,100000,2,0.011179900
heapsort,aleatorio,100000,2,0.013108600
quicksort,aleatorio,100000,2,0.008436700
quicksort_aleatorio,aleatorio,100000,2,0.009969300
quicksort_mm,aleatorio,100000,2,0.027527600
mergesort,aleatorio,100000,3,0.013022500
heapsort,aleatorio,100000,3,0.013625600
quicksort,aleatorio,100000,3,0.008668300
quicksort_aleatorio,aleatorio,100000,3,0.010035200
quicksort_mm,aleatorio,100000,3,0.026422200
mergesort,aleatorio,100000,4,0.012227800
heapsort,aleatorio,100000,4,0.014474100
quicksort,aleatorio,100000,4,0.012006000
quicksort_aleatorio,aleatorio,100000,4,0.009986400
quicksort_mm,aleatorio,100000,4,0.025916500
mergesort,aleatorio,100000,5,0.012322900
heapsort,aleatorio,100000,5,0.014649700
quicksort,aleatorio,100000,5,0.008353600
quicksort_aleatorio,aleatorio,100000,5,0.009846800
quicksort_mm,aleatorio,100000,5,0.024256400
mergesort,aleatorio,100000,6,0.011581900
heapsort,aleatorio,100000,6,0.013051000
quicksort,aleatorio,100000,6,0.008347100
quicksort_aleatorio,aleatorio,100000,6,0.009771300
quicksort_mm,aleatorio,100000,6,0.024316700
mergesort,aleatorio,100000,7,0.011349600
heapsort,aleatorio,100000,7,0.013575000
quicksort,aleatorio,100000,7,0.008366000
quicksort_aleatorio,aleatorio,100000,7,0.009792100
quicksort_mm,aleatorio,100000,7,0.026640800
mergesort,aleatorio,100000,8,0.011184300
heapsort,aleatorio,100000,8,0.013236100
quicksort,aleatorio,100000,8,0.007998800
quicksort_aleatorio,aleatorio,100000,8,0.009215900
quicksort_mm,aleatorio,100000,8,0.023512600
mergesort,aleatorio,100000,9,0.010944000
heapsort,aleatorio,100000,9,0.012385800
quicksort,aleatorio,100000,9,0.008047000
quicksort_aleatorio,aleatorio,100000,9,0.009172200
quicksort_mm,aleatorio,100000,9,0.023503400
mergesort,aleatorio,200000,0,0.027232200
heapsort,aleatorio,200000,0,0.032562300
quicksort,aleatorio,200000,0,0.016872100
quicksort_aleatorio,aleatorio,200000,0,0.018992600
quicksort_mm,aleatorio,200000,0,0.104939600
mergesort,aleatorio,200000,1,0.026274300
heapsort,aleatorio,200000,1,0.030365600
quicksort,aleatorio,200000,1,0.017811100
quicksort_aleatorio,aleatorio,200000,1,0.019763400
quicksort_mm,aleatorio,200000,1,0.057984600
mergesort,aleatorio,200000,2,0.028183200
heapsort,aleatorio,200000,2,0.031154300
quicksort,aleatorio,200000,2,0.018602600
quicksort_aleatorio,aleatorio,200000,2,0.020499500
quicksort_mm,aleatorio,200000,2,0.054699100
mergesort,aleatorio,200000,3,0.024607200
heapsort,aleatorio,200000,3,0.030314400
quicksort,aleatorio,200000,3,0.019161600
quicksort_aleatorio,aleatorio,200000,3,0.020111100
quicksort_mm,aleatorio,200000,3,0.052433300
mergesort,aleatorio,200000,4,0.026189400
heapsort,aleatorio,200000,4,0.028500900
quicksort,aleatorio,200000,4,0.017771700
quicksort_aleatorio,aleatorio,200000,4,0.019701200
quicksort_mm,aleatorio,200000,4,0.052380400
mergesort,aleatorio,200000,5,0.025589800
heapsort,aleatorio,200000,5,0.029222300
quicksort,aleatorio,200000,5,0.019084800
quicksort_aleatorio,aleatorio,200000,5,0.021016000
quicksort_mm,aleatorio,200000,5,0.053177300
mergesort,aleatorio,200000,6,0.023633000
heapsort,aleatorio,200000,6,0.027643400
quicksort,aleatorio,200000,6,0.017815400
quicksort_aleatorio,aleatorio,200000,6,0.021219500
quicksort_mm,aleatorio,200000,6,0.054551000
mergesort,aleatorio,200000,7,0.026700500
heapsort,aleatorio,200000,7,0.029046500
quicksort,aleatorio,200000,7,0.018029400
quicksort_aleatorio,aleatorio,200000,7,0.019604300
quicksort_mm,aleatorio,200000,7,0.050913000
mergesort,aleatorio,200000,8,0.026321600
heapsort,aleatorio,200000,8,0.029597800
quicksort,aleatorio,200000,8,0.018018100
quicksort_aleatorio,aleatorio,200000,8,0.021343300
quicksort_mm,aleatorio,200000,8,0.061565000
mergesort,aleatorio,200000,9,0.028947900
heapsort,aleatorio,200000,9,0.035049700
quicksort,aleatorio,200000,9,0.018731500
quicksort_aleatorio,aleatorio,200000,9,0.022351400
quicksort_mm,aleatorio,200000,9,0.064887700
mergesort,aleatorio,500000,0,0.075117600
heapsort,aleatorio,500000,0,0.086198800
quicksort,aleatorio,500000,0,0.047198600
quicksort_aleatorio,aleatorio,500000,0,0.051431400
quicksort_mm,aleatorio,500000,0,0.138467800
mergesort,aleatorio,500000,1,0.067453600
heapsort,aleatorio,500000,1,0.085334900
quicksort,aleatorio,500000,1,0.048336800
quicksort_aleatorio,aleatorio,500000,1,0.053999700
quicksort_mm,aleatorio,500000,1,0.144941000
mergesort,aleatorio,500000,2,0.066471100
heapsort,aleatorio,500000,2,0.077787700
quicksort,aleatorio,500000,2,0.045694700
quicksort_aleatorio,aleatorio,500000,2,0.059782200
quicksort_mm,aleatorio,500000,2,0.167158700
mergesort,aleatorio,500000,3,0.076607400
heapsort,aleatorio,500000,3,0.083741500
quicksort,aleatorio,500000,3,0.046711300
quicksort_aleatorio,aleatorio,500000,3,0.052364400
quicksort_mm,aleatorio,500000,3,0.140785200
mergesort,aleatorio,500000,4,0.063612600
heapsort,aleatorio,500000,4,0.076576400
quicksort,aleatorio,500000,4,0.046211100
quicksort_aleatorio,aleatorio,500000,4,0.053726400
quicksort_mm,aleatorio,500000,4,0.143856200
mergesort,aleatorio,500000,5,0.067258400
heapsort,aleatorio,500000,5,0.097030800
quicksort,aleatorio,500000,5,0.048576100
quicksort_aleatorio,aleatorio,500000,5,0.054739500
quicksort_mm,aleatorio,500000,5,0.138833600
mergesort,aleatorio,500000,6,0.120600400
heapsort,aleatorio,500000,6,0.095807500
quicksort,aleatorio,500000,6,0.049042100
quicksort_aleatorio,aleatorio,500000,6,0.051675100
quicksort_mm,aleatorio,500000,6,0.136816900
mergesort,aleatorio,500000,7,0.070550400
heapsort,aleatorio,500000,7,0.106034500
quicksort,aleatorio,500000,7,0.057986900
quicksort_aleatorio,aleatorio,500000,7,0.063485600
quicksort_mm,aleatorio,500000,7,0.184980600
mergesort,aleatorio,500000,8,0.070810400
heapsort,aleatorio,500000,8,0.083908600
quicksort,aleatorio,500000,8,0.047308900
quicksort_aleatorio,aleatorio,500000,8,0.051572800
quicksort_mm,aleatorio,500000,8,0.141341500
mergesort,aleatorio,500000,9,0.068552000
heapsort,aleatorio,500000,9,0.092151300
quicksort,aleatorio,500000,9,0.060841700
quicksort_aleatorio,aleatorio,500000,9,0.062337900
quicksort_mm,aleatorio,500000,9,0.148570300
mergesort,aleatorio,1000000,0,0.143756600
heapsort,aleatorio,1000000,0,0.206677100
quicksort,aleatorio,1000000,0,0.105748000
quicksort_aleatorio,aleatorio,1000000,0,0.122001400
quicksort_mm,aleatorio,1000000,0,0.309639500
mergesort,aleatorio,1000000,1,0.138507300
heapsort,aleatorio,1000000,1,0.195705000
quicksort,aleatorio,1000000,1,0.122100400
quicksort_aleatorio,aleatorio,1000000,1,0.121441200
quicksort_mm,aleatorio,1000000,1,0.295638200
mergesort,aleatorio,1000000,2,0.133045400
heapsort,aleatorio,1000000,2,0.184585200
quicksort,aleatorio,1000000,2,0.096499800
quicksort_aleatorio,aleatorio,1000000,2,0.116962000
quicksort_mm,aleatorio,1000000,2,0.311022700
mergesort,aleatorio,1000000,3,0.137634100
heapsort,aleatorio,1000000,3,0.208403800
quicksort,aleatorio,1000000,3,0.097447700
quicksort_aleatorio,aleatorio,1000000,3,0.108203300
quicksort_mm,aleatorio,1000000,3,0.302143600
mergesort,aleatorio,1000000,4,0.130540100
heapsort,aleatorio,1000000,4,0.184303200
quicksort,aleatorio,1000000,4,0.100062300
quicksort_aleatorio,aleatorio,1000000,4,0.120592500
quicksort_mm,aleatorio,1000000,4,0.342527300
mergesort,aleatorio,1000000,5,0.137515200
heapsort,aleatorio,1000000,5,0.228018500
quicksort,aleatorio,1000000,5,0.114729600
quicksort_aleatorio,aleatorio,1000000,5,0.124779300
quicksort_mm,aleatorio,1000000,5,0.337745600
mergesort,aleatorio,1000000,6,0.134815600
heapsort,aleatorio,1000000,6,0.185464700
quicksort,aleatorio,1000000,6,0.112878500
quicksort_aleatorio,aleatorio,1000000,6,0.130501500
quicksort_mm,aleatorio,1000000,6,0.304676500
mergesort,aleatorio,1000000,7,0.138583000
heapsort,aleatorio,1000000,7,0.230696100
quicksort,aleatorio,1000000,7,0.104275100
quicksort_aleatorio,aleatorio,1000000,7,0.112584700
quicksort_mm,aleatorio,1000000,7,0.294669300
mergesort,aleatorio,1000000,8,0.131907000
heapsort,aleatorio,1000000,8,0.180573900
quicksort,aleatorio,1000000,8,0.126096500
quicksort_aleatorio,aleatorio,1000000,8,0.137031000
quicksort_mm,aleatorio,1000000,8,0.307529500
mergesort,aleatorio,1000000,9,0.223865100
heapsort,aleatorio,1000000,9,0.187366200
quicksort,aleatorio,1000000,9,0.108513200
quicksort_aleatorio,aleatorio,1000000,9,0.113208500
quicksort_mm,aleatorio,1000000,9,0.372716500
insertion_sort,ordenado,1000,0,0.000003000
selection_sort,ordenado,1000,0,0.000496200
mergesort,ordenado,1000,0,0.000092500
heapsort,ordenado,1000,0,0.000065000
quicksort,ordenado,1000,0,0.000585400
quicksort_aleatorio,ordenado,1000,0,0.000039000
quicksort_mm,ordenado,1000,0,0.000130400
insertion_sort,ordenado,1000,1,0.000002900
selection_sort,ordenado,1000,1,0.000498500
mergesort,ordenado,1000,1,0.000044100
heapsort,ordenado,1000,1,0.000069100
quicksort,ordenado,1000,1,0.001053200
quicksort_aleatorio,ordenado,1000,1,0.000060900
quicksort_mm,ordenado,1000,1,0.000200000
insertion_sort,ordenado,1000,2,0.000002200
selection_sort,ordenado,1000,2,0.000746500
mergesort,ordenado,1000,2,0.000047300
heapsort,ordenado,1000,2,0.000064000
quicksort,ordenado,1000,2,0.000684100
quicksort_aleatorio,ordenado,1000,2,0.000142500
quicksort_mm,ordenado,1000,2,0.000174000
insertion_sort,ordenado,1000,3,0.000002000
selection_sort,ordenado,1000,3,0.000730900
mergesort,ordenado,1000,3,0.000076400
heapsort,ordenado,1000,3,0.000064900
quicksort,ordenado,1000,3,0.000585200
quicksort_aleatorio,ordenado,1000,3,0.000038400
quicksort_mm,ordenado,1000,3,0.000135200
insertion_sort,ordenado,1000,4,0.000002900
selection_sort,ordenado,1000,4,0.000496100
mergesort,ordenado,1000,4,0.000038000
heapsort,ordenado,1000,4,0.000063600
quicksort,ordenado,1000,4,0.000692200
quicksort_aleatorio,ordenado,1000,4,0.000046500
quicksort_mm,ordenado,1000,4,0.000158900
insertion_sort,ordenado,1000,5,0.000001900
selection_sort,ordenado,1000,5,0.000697300
mergesort,ordenado,1000,5,0.000067700
heapsort,ordenado,1000,5,0.000065200
quicksort,ordenado,1000,5,0.000812800
quicksort_aleatorio,ordenado,1000,5,0.000039400
quicksort_mm,ordenado,1000,5,0.000132200
insertion_sort,ordenado,1000,6,0.000003000
selection_sort,ordenado,1000,6,0.000540400
mergesort,ordenado,1000,6,0.000052100
heapsort,ordenado,1000,6,0.000064200
quicksort,ordenado,1000,6,0.000585300
quicksort_aleatorio,ordenado,1000,6,0.000038700
quicksort_mm,ordenado,1000,6,0.000147700
insertion_sort,ordenado,1000,7,0.000002000
selection_sort,ordenado,1000,7,0.000736900
mergesort,ordenado,1000,7,0.000077800
heapsort,ordenado,1000,7,0.000086600
quicksort,ordenado,1000,7,0.001045800
quicksort_aleatorio,ordenado,1000,7,0.000038800
quicksort_mm,ordenado,1000,7,0.000131600
insertion_sort,ordenado,1000,8,0.000003000
selection_sort,ordenado,1000,8,0.000496000
mergesort,ordenado,1000,8,0.000044600
heapsort,ordenado,1000,8,0.000063800
quicksort,ordenado,1000,8,0.000588900
quicksort_aleatorio,ordenado,1000,8,0.000038700
quicksort_mm,ordenado,1000,8,0.000127400
insertion_sort,ordenado,1000,9,0.000002900
selection_sort,ordenado,1000,9,0.000499100
mergesort,ordenado,1000,9,0.000038400
heapsort,ordenado,1000,9,0.000064300
quicksort,ordenado,1000,9,0.000588400
quicksort_aleatorio,ordenado,1000,9,0.000037100
quicksort_mm,ordenado,1000,9,0.000125700
insertion_sort,ordenado,2000,0,0.000005600
selection_sort,ordenado,2000,0,0.001972500
mergesort,ordenado,2000,0,0.000065100
heapsort,ordenado,2000,0,0.000137100
quicksort,ordenado,2000,0,0.002440600
quicksort_aleatorio,ordenado,2000,0,0.000077300
quicksort_mm,ordenado,2000,0,0.000282100
insertion_sort,ordenado,2000,1,0.000005700
selection_sort,ordenado,2000,1,0.001971800
mergesort,ordenado,2000,1,0.000058900
heapsort,ordenado,2000,1,0.000133300
quicksort,ordenado,2000,1,0.002649000
quicksort_aleatorio,ordenado,2000,1,0.000078700
quicksort_mm,ordenado,2000,1,0.000286200
insertion_sort,ordenado,2000,2,0.000005700
selection_sort,ordenado,2000,2,0.001989700
mergesort,ordenado,2000,2,0.000058500
heapsort,ordenado,2000,2,0.000135500
quicksort,ordenado,2000,2,0.002319900
quicksort_aleatorio,ordenado,2000,2,0.000077300
quicksort_mm,ordenado,2000,2,0.000279400
insertion_sort,ordenado,2000,3,0.000005700
selection_sort,ordenado,2000,3,0.002097500
mergesort,ordenado,2000,3,0.000069600
heapsort,ordenado,2000,3,0.000139200
quicksort,ordenado,2000,3,0.002684100
quicksort_aleatorio,ordenado,2000,3,0.000078700
quicksort_mm,ordenado,2000,3,0.000361700
insertion_sort,ordenado,2000,4,0.000004100
selection_sort,ordenado,2000,4,0.002121500
mergesort,ordenado,2000,4,0.000067800
heapsort,ordenado,2000,4,0.000146700
quicksort,ordenado,2000,4,0.002675800
quicksort_aleatorio,ordenado,2000,4,0.000125500
quicksort_mm,ordenado,2000,4,0.000324100
insertion_sort,ordenado,2000,5,0.000005800
selection_sort,ordenado,2000,5,0.001984900
mergesort,ordenado,2000,5,0.000059300
heapsort,ordenado,2000,5,0.000138500
quicksort,ordenado,2000,5,0.002497800
quicksort_aleatorio,ordenado,2000,5,0.000077600
quicksort_mm,ordenado,2000,5,0.000306100
insertion_sort,ordenado,2000,6,0.000005700
selection_sort,ordenado,2000,6,0.002024900
mergesort,ordenado,2000,6,0.000059100
heapsort,ordenado,2000,6,0.000133300
quicksort,ordenado,2000,6,0.002533300
quicksort_aleatorio,ordenado,2000,6,0.000081900
quicksort_mm,ordenado,2000,6,0.000285900
insertion_sort,ordenado,2000,7,0.000005800
selection_sort,ordenado,2000,7,0.001968500
mergesort,ordenado,2000,7,0.000058200
heapsort,ordenado,2000,7,0.000136500
quicksort,ordenado,2000,7,0.002420600
quicksort_aleatorio,ordenado,2000,7,0.000080800
quicksort_mm,ordenado,2000,7,0.000280800
insertion_sort,ordenado,2000,8,0.000005700
selection_sort,ordenado,2000,8,0.001965200
mergesort,ordenado,2000,8,0.000061900
heapsort,ordenado,2000,8,0.000122300
quicksort,ordenado,2000,8,0.002199100
quicksort_aleatorio,ordenado,2000,8,0.000067300
quicksort_mm,ordenado,2000,8,0.000271700
insertion_sort,ordenado,2000,9,0.000005000
selection_sort,ordenado,2000,9,0.001773200
mergesort,ordenado,2000,9,0.000064000
heapsort,ordenado,2000,9,0.000131400
quicksort,ordenado,2000,9,0.002623200
quicksort_aleatorio,ordenado,2000,9,0.000117600
quicksort_mm,ordenado,2000,9,0.000430300
insertion_sort,ordenado,5000,0,0.000009400
selection_sort,ordenado,5000,0,0.018203000
mergesort,ordenado,5000,0,0.000165700
heapsort,ordenado,5000,0,0.000370700
quicksort,ordenado,5000,0,0.021863500
quicksort_aleatorio,ordenado,5000,0,0.000662600
quicksort_mm,ordenado,5000,0,0.001631800
insertion_sort,ordenado,5000,1,0.000014200
selection_sort,ordenado,5000,1,0.027763700
mergesort,ordenado,5000,1,0.000218900
heapsort,ordenado,5000,1,0.000930500
quicksort,ordenado,5000,1,0.022034600
quicksort_aleatorio,ordenado,5000,1,0.000203400
quicksort_mm,ordenado,5000,1,0.000791700
insertion_sort,ordenado,5000,2,0.000011900
selection_sort,ordenado,5000,2,0.015207600
mergesort,ordenado,5000,2,0.000149200
heapsort,ordenado,5000,2,0.000360800
quicksort,ordenado,5000,2,0.017121100
quicksort_aleatorio,ordenado,5000,2,0.000204400
quicksort_mm,ordenado,5000,2,0.000782900
insertion_sort,ordenado,5000,3,0.000014200
selection_sort,ordenado,5000,3,0.014503500
mergesort,ordenado,5000,3,0.000232000
heapsort,ordenado,5000,3,0.000476300
quicksort,ordenado,5000,3,0.017983800
quicksort_aleatorio,ordenado,5000,3,0.000204200
quicksort_mm,ordenado,5000,3,0.000782400
insertion_sort,ordenado,5000,4,0.000014200
selection_sort,ordenado,5000,4,0.017604300
mergesort,ordenado,5000,4,0.000148000
heapsort,ordenado,5000,4,0.000362600
quicksort,ordenado,5000,4,0.026505500
quicksort_aleatorio,ordenado,5000,4,0.000250000
quicksort_mm,ordenado,5000,4,0.001030200
insertion_sort,ordenado,5000,5,0.000010500
selection_sort,ordenado,5000,5,0.025670900
mergesort,ordenado,5000,5,0.000267700
heapsort,ordenado,5000,5,0.000930900
quicksort,ordenado,5000,5,0.025541200
quicksort_aleatorio,ordenado,5000,5,0.000294600
quicksort_mm,ordenado,5000,5,0.001089200
insertion_sort,ordenado,5000,6,0.000012900
selection_sort,ordenado,5000,6,0.016784900
mergesort,ordenado,5000,6,0.000204100
heapsort,ordenado,5000,6,0.000564000
quicksort,ordenado,5000,6,0.025751900
quicksort_aleatorio,ordenado,5000,6,0.000285400
quicksort_mm,ordenado,5000,6,0.000930400
insertion_sort,ordenado,5000,7,0.000014200
selection_sort,ordenado,5000,7,0.014998100
mergesort,ordenado,5000,7,0.000267700
heapsort,ordenado,5000,7,0.000509100
quicksort,ordenado,5000,7,0.019798700
quicksort_aleatorio,ordenado,5000,7,0.000209000
quicksort_mm,ordenado,5000,7,0.000789500
insertion_sort,ordenado,5000,8,0.000014400
selection_sort,ordenado,5000,8,0.018050600
mergesort,ordenado,5000,8,0.000148900
heapsort,ordenado,5000,8,0.000363900
quicksort,ordenado,5000,8,0.017152400
quicksort_aleatorio,ordenado,5000,8,0.000206200
quicksort_mm,ordenado,5000,8,0.000819500
insertion_sort,ordenado,5000,9,0.000014200
selection_sort,ordenado,5000,9,0.013991900
mergesort,ordenado,5000,9,0.000151500
heapsort,ordenado,5000,9,0.000358100
quicksort,ordenado,5000,9,0.019644300
quicksort_aleatorio,ordenado,5000,9,0.000211800
quicksort_mm,ordenado,5000,9,0.000956600
insertion_sort,ordenado,10000,0,0.000024300
selection_sort,ordenado,10000,0,0.052868800
mergesort,ordenado,10000,0,0.000500200
heapsort,ordenado,10000,0,0.000930000
quicksort,ordenado,10000,0,0.118108900
quicksort_aleatorio,ordenado,10000,0,0.000562800
quicksort_mm,ordenado,10000,0,0.002784000
insertion_sort,ordenado,10000,1,0.000021800
selection_sort,ordenado,10000,1,0.058456700
mergesort,ordenado,10000,1,0.000333800
heapsort,ordenado,10000,1,0.000767800
quicksort,ordenado,10000,1,0.074507800
quicksort_aleatorio,ordenado,10000,1,0.000421900
quicksort_mm,ordenado,10000,1,0.001774600
insertion_sort,ordenado,10000,2,0.000028100
selection_sort,ordenado,10000,2,0.054450700
mergesort,ordenado,10000,2,0.000313400
heapsort,ordenado,10000,2,0.000791900
quicksort,ordenado,10000,2,0.073182600
quicksort_aleatorio,ordenado,10000,2,0.000426600
quicksort_mm,ordenado,10000,2,0.001700000
insertion_sort,ordenado,10000,3,0.000028100
selection_sort,ordenado,10000,3,0.053448900
mergesort,ordenado,10000,3,0.000277300
heapsort,ordenado,10000,3,0.000681400
quicksort,ordenado,10000,3,0.063680000
quicksort_aleatorio,ordenado,10000,3,0.000368300
quicksort_mm,ordenado,10000,3,0.001546500
insertion_sort,ordenado,10000,4,0.000024900
selection_sort,ordenado,10000,4,0.052072500
mergesort,ordenado,10000,4,0.000311800
heapsort,ordenado,10000,4,0.000757000
quicksort,ordenado,10000,4,0.057326000
quicksort_aleatorio,ordenado,10000,4,0.000362300
quicksort_mm,ordenado,10000,4,0.001504400
insertion_sort,ordenado,10000,5,0.000025000
selection_sort,ordenado,10000,5,0.050716100
mergesort,ordenado,10000,5,0.000277300
heapsort,ordenado,10000,5,0.000697200
quicksort,ordenado,10000,5,0.065608500
quicksort_aleatorio,ordenado,10000,5,0.000381400
quicksort_mm,ordenado,10000,5,0.001504100
insertion_sort,ordenado,10000,6,0.000025200
selection_sort,ordenado,10000,6,0.069038700
mergesort,ordenado,10000,6,0.000647400
heapsort,ordenado,10000,6,0.000800800
quicksort,ordenado,10000,6,0.246427400
quicksort_aleatorio,ordenado,10000,6,0.000429100
quicksort_mm,ordenado,10000,6,0.001751400
insertion_sort,ordenado,10000,7,0.000028000
selection_sort,ordenado,10000,7,0.056560200
mergesort,ordenado,10000,7,0.000430500
heapsort,ordenado,10000,7,0.000803100
quicksort,ordenado,10000,7,0.060665100
quicksort_aleatorio,ordenado,10000,7,0.000426400
quicksort_mm,ordenado,10000,7,0.001990900
insertion_sort,ordenado,10000,8,0.000018700
selection_sort,ordenado,10000,8,0.057112000
mergesort,ordenado,10000,8,0.000306600
heapsort,ordenado,10000,8,0.000750200
quicksort,ordenado,10000,8,0.065817700
quicksort_aleatorio,ordenado,10000,8,0.000421400
quicksort_mm,ordenado,10000,8,0.001522800
insertion_sort,ordenado,10000,9,0.000025000
selection_sort,ordenado,10000,9,0.054353900
mergesort,ordenado,10000,9,0.000307000
heapsort,ordenado,10000,9,0.000679700
quicksort,ordenado,10000,9,0.058499900
quicksort_aleatorio,ordenado,10000,9,0.000391200
quicksort_mm,ordenado,10000,9,0.001564400
insertion_sort,ordenado,20000,0,0.000072300
selection_sort,ordenado,20000,0,0.284117800
mergesort,ordenado,20000,0,0.000815200
heapsort,ordenado,20000,0,0.001631000
quicksort,ordenado,20000,0,0.296256800
quicksort_aleatorio,ordenado,20000,0,0.002131900
quicksort_mm,ordenado,20000,0,0.003754800
insertion_sort,ordenado,20000,1,0.000049800
selection_sort,ordenado,20000,1,0.256094400
mergesort,ordenado,20000,1,0.001090700
heapsort,ordenado,20000,1,0.002021300
quicksort,ordenado,20000,1,0.260107800
quicksort_aleatorio,ordenado,20000,1,0.000768800
quicksort_mm,ordenado,20000,1,0.003469000
insertion_sort,ordenado,20000,2,0.000049800
selection_sort,ordenado,20000,2,0.546318700
mergesort,ordenado,20000,2,0.001117200
heapsort,ordenado,20000,2,0.001569200
quicksort,ordenado,20000,2,0.250856800
quicksort_aleatorio,ordenado,20000,2,0.001096900
quicksort_mm,ordenado,20000,2,0.003331000
insertion_sort,ordenado,20000,3,0.000075300
selection_sort,ordenado,20000,3,0.225060600
mergesort,ordenado,20000,3,0.000645000
heapsort,ordenado,20000,3,0.001853000
quicksort,ordenado,20000,3,0.367567000
quicksort_aleatorio,ordenado,20000,3,0.000861900
quicksort_mm,ordenado,20000,3,0.003733400
insertion_sort,ordenado,20000,4,0.000055900
selection_sort,ordenado,20000,4,0.193379200
mergesort,ordenado,20000,4,0.000590200
heapsort,ordenado,20000,4,0.001419900
quicksort,ordenado,20000,4,0.283621700
quicksort_aleatorio,ordenado,20000,4,0.001073900
quicksort_mm,ordenado,20000,4,0.004265800
insertion_sort,ordenado,20000,5,0.000055900
selection_sort,ordenado,20000,5,0.242482500
mergesort,ordenado,20000,5,0.000640700
heapsort,ordenado,20000,5,0.001553700
quicksort,ordenado,20000,5,0.271703900
quicksort_aleatorio,ordenado,20000,5,0.000838400
quicksort_mm,ordenado,20000,5,0.004148400
insertion_sort,ordenado,20000,6,0.000036000
selection_sort,ordenado,20000,6,0.229714500
mergesort,ordenado,20000,6,0.001163400
heapsort,ordenado,20000,6,0.001952500
quicksort,ordenado,20000,6,0.326848600
quicksort_aleatorio,ordenado,20000,6,0.001709300
quicksort_mm,ordenado,20000,6,0.009600200
insertion_sort,ordenado,20000,7,0.000056100
selection_sort,ordenado,20000,7,0.252333900
mergesort,ordenado,20000,7,0.000911900
heapsort,ordenado,20000,7,0.001730600
quicksort,ordenado,20000,7,0.261968800
quicksort_aleatorio,ordenado,20000,7,0.000788000
quicksort_mm,ordenado,20000,7,0.003347700
insertion_sort,ordenado,20000,8,0.000049700
selection_sort,ordenado,20000,8,0.198306900
mergesort,ordenado,20000,8,0.000633700
heapsort,ordenado,20000,8,0.001493300
quicksort,ordenado,20000,8,0.281628300
quicksort_aleatorio,ordenado,20000,8,0.000863800
quicksort_mm,ordenado,20000,8,0.005089000
insertion_sort,ordenado,20000,9,0.000056000
selection_sort,ordenado,20000,9,0.236661600
mergesort,ordenado,20000,9,0.000582100
heapsort,ordenado,20000,9,0.001409600
quicksort,ordenado,20000,9,0.254028700
quicksort_aleatorio,ordenado,20000,9,0.000841100
quicksort_mm,ordenado,20000,9,0.003368000
insertion_sort,ordenado,50000,0,0.000126600
selection_sort,ordenado,50000,0,1.682644600
mergesort,ordenado,50000,0,0.004023500
heapsort,ordenado,50000,0,0.005486100
quicksort,ordenado,50000,0,1.994399300
quicksort_aleatorio,ordenado,50000,0,0.002384000
quicksort_mm,ordenado,50000,0,0.009926500
insertion_sort,ordenado,50000,1,0.000139400
selection_sort,ordenado,50000,1,1.521872000
mergesort,ordenado,50000,1,0.001563700
heapsort,ordenado,50000,1,0.003791000
quicksort,ordenado,50000,1,1.807686700
quicksort_aleatorio,ordenado,50000,1,0.002390600
quicksort_mm,ordenado,50000,1,0.009606300
insertion_sort,ordenado,50000,2,0.000142100
selection_sort,ordenado,50000,2,1.186486500
mergesort,ordenado,50000,2,0.001597300
heapsort,ordenado,50000,2,0.003822900
quicksort,ordenado,50000,2,1.424608900
quicksort_aleatorio,ordenado,50000,2,0.002363300
quicksort_mm,ordenado,50000,2,0.010281300
insertion_sort,ordenado,50000,3,0.000139900
selection_sort,ordenado,50000,3,1.390909400
mergesort,ordenado,50000,3,0.001623100
heapsort,ordenado,50000,3,0.003806400
quicksort,ordenado,50000,3,1.659331600
quicksort_aleatorio,ordenado,50000,3,0.002290200
quicksort_mm,ordenado,50000,3,0.011064200
insertion_sort,ordenado,50000,4,0.000139600
selection_sort,ordenado,50000,4,1.536600100
mergesort,ordenado,50000,4,0.001756500
heapsort,ordenado,50000,4,0.004263800
quicksort,ordenado,50000,4,1.553769200
quicksort_aleatorio,ordenado,50000,4,0.001955100
quicksort_mm,ordenado,50000,4,0.009303000
insertion_sort,ordenado,50000,5,0.000134200
selection_sort,ordenado,50000,5,1.257765300
mergesort,ordenado,50000,5,0.001756500
heapsort,ordenado,50000,5,0.005597500
quicksort,ordenado,50000,5,1.647766700
quicksort_aleatorio,ordenado,50000,5,0.003062300
quicksort_mm,ordenado,50000,5,0.012447300
insertion_sort,ordenado,50000,6,0.000118200
selection_sort,ordenado,50000,6,4.600394200
mergesort,ordenado,50000,6,0.001563000
heapsort,ordenado,50000,6,0.004256900
quicksort,ordenado,50000,6,1.482825600
quicksort_aleatorio,ordenado,50000,6,0.002168800
quicksort_mm,ordenado,50000,6,0.012319600
insertion_sort,ordenado,50000,7,0.000139600
selection_sort,ordenado,50000,7,1.496355000
mergesort,ordenado,50000,7,0.001761700
heapsort,ordenado,50000,7,0.003928100
quicksort,ordenado,50000,7,1.677584800
quicksort_aleatorio,ordenado,50000,7,0.002014500
quicksort_mm,ordenado,50000,7,0.009260100
insertion_sort,ordenado,50000,8,0.000124100
selection_sort,ordenado,50000,8,1.821728300
mergesort,ordenado,50000,8,0.001830500
heapsort,ordenado,50000,8,0.004667700
quicksort,ordenado,50000,8,1.938194600
quicksort_aleatorio,ordenado,50000,8,0.002364400
quicksort_mm,ordenado,50000,8,0.020989100
insertion_sort,ordenado,50000,9,0.000139800
selection_sort,ordenado,50000,9,1.327665100
mergesort,ordenado,50000,9,0.001728900
heapsort,ordenado,50000,9,0.004131300
quicksort,ordenado,50000,9,2.379420600
quicksort_aleatorio,ordenado,50000,9,0.002566600
quicksort_mm,ordenado,50000,9,0.011678600
insertion_sort,ordenado,100000,0,0.000278900
mergesort,ordenado,100000,0,0.003707300
heapsort,ordenado,100000,0,0.011845900
quicksort_aleatorio,ordenado,100000,0,0.004540200
quicksort_mm,ordenado,100000,0,0.023544700
insertion_sort,ordenado,100000,1,0.000168800
mergesort,ordenado,100000,1,0.003724000
heapsort,ordenado,100000,1,0.008515500
quicksort_aleatorio,ordenado,100000,1,0.005574100
quicksort_mm,ordenado,100000,1,0.023404200
insertion_sort,ordenado,100000,2,0.000250700
mergesort,ordenado,100000,2,0.004209500
heapsort,ordenado,100000,2,0.009968800
quicksort_aleatorio,ordenado,100000,2,0.006502600
quicksort_mm,ordenado,100000,2,0.025339900
insertion_sort,ordenado,100000,3,0.000225500
mergesort,ordenado,100000,3,0.006181000
heapsort,ordenado,100000,3,0.012577800
quicksort_aleatorio,ordenado,100000,3,0.006901900
quicksort_mm,ordenado,100000,3,0.024785600
insertion_sort,ordenado,100000,4,0.000278800
mergesort,ordenado,100000,4,0.003769200
heapsort,ordenado,100000,4,0.009706200
quicksort_aleatorio,ordenado,100000,4,0.004544000
quicksort_mm,ordenado,100000,4,0.024826300
insertion_sort,ordenado,100000,5,0.000278700
mergesort,ordenado,100000,5,0.003784100
heapsort,ordenado,100000,5,0.009039800
quicksort_aleatorio,ordenado,100000,5,0.005333700
quicksort_mm,ordenado,100000,5,0.022774600
insertion_sort,ordenado,100000,6,0.000279000
mergesort,ordenado,100000,6,0.003596000
heapsort,ordenado,100000,6,0.010060800
quicksort_aleatorio,ordenado,100000,6,0.004716200
quicksort_mm,ordenado,100000,6,0.023192700
insertion_sort,ordenado,100000,7,0.000281300
mergesort,ordenado,100000,7,0.003607300
heapsort,ordenado,100000,7,0.009447200
quicksort_aleatorio,ordenado,100000,7,0.004620100
quicksort_mm,ordenado,100000,7,0.022209100
insertion_sort,ordenado,100000,8,0.000279000
mergesort,ordenado,100000,8,0.004030000
heapsort,ordenado,100000,8,0.008322900
quicksort_aleatorio,ordenado,100000,8,0.004280000
quicksort_mm,ordenado,100000,8,0.021506500
insertion_sort,ordenado,100000,9,0.000247900
mergesort,ordenado,100000,9,0.003472800
heapsort,ordenado,100000,9,0.008052400
quicksort_aleatorio,ordenado,100000,9,0.005249200
quicksort_mm,ordenado,100000,9,0.036908800
insertion_sort,ordenado,200000,0,0.000476600
mergesort,ordenado,200000,0,0.010409200
heapsort,ordenado,200000,0,0.021232500
quicksort_aleatorio,ordenado,200000,0,0.009314400
quicksort_mm,ordenado,200000,0,0.046502100
insertion_sort,ordenado,200000,1,0.000495300
mergesort,ordenado,200000,1,0.008051600
heapsort,ordenado,200000,1,0.020473800
quicksort_aleatorio,ordenado,200000,1,0.010342400
quicksort_mm,ordenado,200000,1,0.045086900
insertion_sort,ordenado,200000,2,0.000498500
mergesort,ordenado,200000,2,0.008119200
heapsort,ordenado,200000,2,0.017582000
quicksort_aleatorio,ordenado,200000,2,0.009403700
quicksort_mm,ordenado,200000,2,0.046119400
insertion_sort,ordenado,200000,3,0.000555000
mergesort,ordenado,200000,3,0.008063500
heapsort,ordenado,200000,3,0.018052900
quicksort_aleatorio,ordenado,200000,3,0.009388700
quicksort_mm,ordenado,200000,3,0.044476100
insertion_sort,ordenado,200000,4,0.000530200
mergesort,ordenado,200000,4,0.007925300
heapsort,ordenado,200000,4,0.017077300
quicksort_aleatorio,ordenado,200000,4,0.009156000
quicksort_mm,ordenado,200000,4,0.045412700
insertion_sort,ordenado,200000,5,0.000495500
mergesort,ordenado,200000,5,0.007994800
heapsort,ordenado,200000,5,0.017657300
quicksort_aleatorio,ordenado,200000,5,0.009661000
quicksort_mm,ordenado,200000,5,0.045654700
insertion_sort,ordenado,200000,6,0.000495800
mergesort,ordenado,200000,6,0.008479600
heapsort,ordenado,200000,6,0.017636700
quicksort_aleatorio,ordenado,200000,6,0.008790600
quicksort_mm,ordenado,200000,6,0.045538300
insertion_sort,ordenado,200000,7,0.000495800
mergesort,ordenado,200000,7,0.008483600
heapsort,ordenado,200000,7,0.018586300
quicksort_aleatorio,ordenado,200000,7,0.009449200
quicksort_mm,ordenado,200000,7,0.045194500
insertion_sort,ordenado,200000,8,0.000499300
mergesort,ordenado,200000,8,0.008267900
heapsort,ordenado,200000,8,0.019302000
quicksort_aleatorio,ordenado,200000,8,0.008878700
quicksort_mm,ordenado,200000,8,0.049842800
insertion_sort,ordenado,200000,9,0.000549400
mergesort,ordenado,200000,9,0.010295100
heapsort,ordenado,200000,9,0.018385200
quicksort_aleatorio,ordenado,200000,9,0.010503400
quicksort_mm,ordenado,200000,9,0.046392200
insertion_sort,ordenado,500000,0,0.001207800
mergesort,ordenado,500000,0,0.022254500
heapsort,ordenado,500000,0,0.047475900
quicksort_aleatorio,ordenado,500000,0,0.023090500
quicksort_mm,ordenado,500000,0,0.117673800
insertion_sort,ordenado,500000,1,0.001245200
mergesort,ordenado,500000,1,0.019957100
heapsort,ordenado,500000,1,0.045566900
quicksort_aleatorio,ordenado,500000,1,0.024043100
quicksort_mm,ordenado,500000,1,0.118925400
insertion_sort,ordenado,500000,2,0.001285200
mergesort,ordenado,500000,2,0.024191700
heapsort,ordenado,500000,2,0.046118500
quicksort_aleatorio,ordenado,500000,2,0.023016900
quicksort_mm,ordenado,500000,2,0.132255200
insertion_sort,ordenado,500000,3,0.001283900
mergesort,ordenado,500000,3,0.024068500
heapsort,ordenado,500000,3,0.049214600
quicksort_aleatorio,ordenado,500000,3,0.024426800
quicksort_mm,ordenado,500000,3,0.163744700
insertion_sort,ordenado,500000,4,0.001472500
mergesort,ordenado,500000,4,0.028986100
heapsort,ordenado,500000,4,0.058120500
quicksort_aleatorio,ordenado,500000,4,0.024332600
quicksort_mm,ordenado,500000,4,0.121159300
insertion_sort,ordenado,500000,5,0.001012500
mergesort,ordenado,500000,5,0.024387400
heapsort,ordenado,500000,5,0.047547900
quicksort_aleatorio,ordenado,500000,5,0.024065200
quicksort_mm,ordenado,500000,5,0.139350800
insertion_sort,ordenado,500000,6,0.001052200
mergesort,ordenado,500000,6,0.038291200
heapsort,ordenado,500000,6,0.060552900
quicksort_aleatorio,ordenado,500000,6,0.027294200
quicksort_mm,ordenado,500000,6,0.126529900
insertion_sort,ordenado,500000,7,0.001290100
mergesort,ordenado,500000,7,0.020163300
heapsort,ordenado,500000,7,0.046579300
quicksort_aleatorio,ordenado,500000,7,0.022535500
quicksort_mm,ordenado,500000,7,0.125653500
insertion_sort,ordenado,500000,8,0.001273600
mergesort,ordenado,500000,8,0.020003800
heapsort,ordenado,500000,8,0.043027600
quicksort_aleatorio,ordenado,500000,8,0.023627200
quicksort_mm,ordenado,500000,8,0.158482200
insertion_sort,ordenado,500000,9,0.001376800
mergesort,ordenado,500000,9,0.021383000
heapsort,ordenado,500000,9,0.062159200
quicksort_aleatorio,ordenado,500000,9,0.025466900
quicksort_mm,ordenado,500000,9,0.142906100
insertion_sort,ordenado,1000000,0,0.002949400
mergesort,ordenado,1000000,0,0.046012500
heapsort,ordenado,1000000,0,0.101047100
quicksort_aleatorio,ordenado,1000000,0,0.050680300
quicksort_mm,ordenado,1000000,0,0.263277900
insertion_sort,ordenado,1000000,1,0.002816000
mergesort,ordenado,1000000,1,0.045338200
heapsort,ordenado,1000000,1,0.092964500
quicksort_aleatorio,ordenado,1000000,1,0.050183600
quicksort_mm,ordenado,1000000,1,0.260907300
insertion_sort,ordenado,1000000,2,0.002690100
mergesort,ordenado,1000000,2,0.041407600
heapsort,ordenado,1000000,2,0.110904700
quicksort_aleatorio,ordenado,1000000,2,0.048917100
quicksort_mm,ordenado,1000000,2,0.277602600
insertion_sort,ordenado,1000000,3,0.002561900
mergesort,ordenado,1000000,3,0.045813200
heapsort,ordenado,1000000,3,0.096238900
quicksort_aleatorio,ordenado,1000000,3,0.087353300
quicksort_mm,ordenado,1000000,3,0.476785600
insertion_sort,ordenado,1000000,4,0.002829400
mergesort,ordenado,1000000,4,0.046148100
heapsort,ordenado,1000000,4,0.104446700
quicksort_aleatorio,ordenado,1000000,4,0.051921700
quicksort_mm,ordenado,1000000,4,0.305300800
insertion_sort,ordenado,1000000,5,0.002832000
mergesort,ordenado,1000000,5,0.047912700
heapsort,ordenado,1000000,5,0.106966600
quicksort_aleatorio,ordenado,1000000,5,0.060859900
quicksort_mm,ordenado,1000000,5,0.307343800
insertion_sort,ordenado,1000000,6,0.002731900
mergesort,ordenado,1000000,6,0.047920700
heapsort,ordenado,1000000,6,0.106043200
quicksort_aleatorio,ordenado,1000000,6,0.054006000
quicksort_mm,ordenado,1000000,6,0.271543900
insertion_sort,ordenado,1000000,7,0.002077800
mergesort,ordenado,1000000,7,0.045165100
heapsort,ordenado,1000000,7,0.102504100
quicksort_aleatorio,ordenado,1000000,7,0.058124300
quicksort_mm,ordenado,1000000,7,0.302698600
insertion_sort,ordenado,1000000,8,0.002852600
mergesort,ordenado,1000000,8,0.047524300
heapsort,ordenado,1000000,8,0.098224500
quicksort_aleatorio,ordenado,1000000,8,0.049717900
quicksort_mm,ordenado,1000000,8,0.296273700
insertion_sort,ordenado,1000000,9,0.002867200
mergesort,ordenado,1000000,9,0.057170000
heapsort,ordenado,1000000,9,0.113125400
quicksort_aleatorio,ordenado,1000000,9,0.053716100
quicksort_mm,ordenado,1000000,9,0.290988500
insertion_sort,inverso,1000,0,0.000312400
selection_sort,inverso,1000,0,0.000472800
mergesort,inverso,1000,0,0.000045000
heapsort,inverso,1000,0,0.000083000
quicksort,inverso,1000,0,0.000467900
quicksort_aleatorio,inverso,1000,0,0.000040500
quicksort_mm,inverso,1000,0,0.000137300
insertion_sort,inverso,1000,1,0.000344500
selection_sort,inverso,1000,1,0.000508200
mergesort,inverso,1000,1,0.000030200
heapsort,inverso,1000,1,0.000064500
quicksort,inverso,1000,1,0.000582300
quicksort_aleatorio,inverso,1000,1,0.000044800
quicksort_mm,inverso,1000,1,0.000136200
insertion_sort,inverso,1000,2,0.000322500
selection_sort,inverso,1000,2,0.000483500
mergesort,inverso,1000,2,0.000038200
heapsort,inverso,1000,2,0.000056900
quicksort,inverso,1000,2,0.000457000
quicksort_aleatorio,inverso,1000,2,0.000038100
quicksort_mm,inverso,1000,2,0.000119700
insertion_sort,inverso,1000,3,0.000300300
selection_sort,inverso,1000,3,0.000451300
mergesort,inverso,1000,3,0.000025200
heapsort,inverso,1000,3,0.000056700
quicksort,inverso,1000,3,0.000459600
quicksort_aleatorio,inverso,1000,3,0.000037800
quicksort_mm,inverso,1000,3,0.000116800
insertion_sort,inverso,1000,4,0.000300300
selection_sort,inverso,1000,4,0.000454300
mergesort,inverso,1000,4,0.000025300
heapsort,inverso,1000,4,0.000057000
quicksort,inverso,1000,4,0.000457000
quicksort_aleatorio,inverso,1000,4,0.000037600
quicksort_mm,inverso,1000,4,0.000120400
insertion_sort,inverso,1000,5,0.000300500
selection_sort,inverso,1000,5,0.000451400
mergesort,inverso,1000,5,0.000025300
heapsort,inverso,1000,5,0.000057100
quicksort,inverso,1000,5,0.000459800
quicksort_aleatorio,inverso,1000,5,0.000038200
quicksort_mm,inverso,1000,5,0.000116900
insertion_sort,inverso,1000,6,0.000300500
selection_sort,inverso,1000,6,0.000487600
mergesort,inverso,1000,6,0.000025200
heapsort,inverso,1000,6,0.000057100
quicksort,inverso,1000,6,0.000456800
quicksort_aleatorio,inverso,1000,6,0.000064800
quicksort_mm,inverso,1000,6,0.000115800
insertion_sort,inverso,1000,7,0.000300900
selection_sort,inverso,1000,7,0.000519900
mergesort,inverso,1000,7,0.000028500
heapsort,inverso,1000,7,0.000065200
quicksort,inverso,1000,7,0.000492700
quicksort_aleatorio,inverso,1000,7,0.000037700
quicksort_mm,inverso,1000,7,0.000115400
insertion_sort,inverso,1000,8,0.000442400
selection_sort,inverso,1000,8,0.001261400
mergesort,inverso,1000,8,0.000035100
heapsort,inverso,1000,8,0.000064900
quicksort,inverso,1000,8,0.000677100
quicksort_aleatorio,inverso,1000,8,0.000040300
quicksort_mm,inverso,1000,8,0.000124300
insertion_sort,inverso,1000,9,0.000300300
selection_sort,inverso,1000,9,0.000526400
mergesort,inverso,1000,9,0.000027400
heapsort,inverso,1000,9,0.000057100
quicksort,inverso,1000,9,0.000482800
quicksort_aleatorio,inverso,1000,9,0.000039200
quicksort_mm,inverso,1000,9,0.000119400
insertion_sort,inverso,2000,0,0.001224500
selection_sort,inverso,2000,0,0.001884100
mergesort,inverso,2000,0,0.000087800
heapsort,inverso,2000,0,0.000120900
quicksort,inverso,2000,0,0.002028700
quicksort_aleatorio,inverso,2000,0,0.000087400
quicksort_mm,inverso,2000,0,0.000292800
insertion_sort,inverso,2000,1,0.001274100
selection_sort,inverso,2000,1,0.001819100
mergesort,inverso,2000,1,0.000051600
heapsort,inverso,2000,1,0.000120700
quicksort,inverso,2000,1,0.001854400
quicksort_aleatorio,inverso,2000,1,0.000082200
quicksort_mm,inverso,2000,1,0.000254900
insertion_sort,inverso,2000,2,0.001416100
selection_sort,inverso,2000,2,0.002988900
mergesort,inverso,2000,2,0.000055300
heapsort,inverso,2000,2,0.000132100
quicksort,inverso,2000,2,0.001819000
quicksort_aleatorio,inverso,2000,2,0.000094400
quicksort_mm,inverso,2000,2,0.000264800
insertion_sort,inverso,2000,3,0.001285600
selection_sort,inverso,2000,3,0.001897500
mergesort,inverso,2000,3,0.000051500
heapsort,inverso,2000,3,0.000120200
quicksort,inverso,2000,3,0.001872900
quicksort_aleatorio,inverso,2000,3,0.000076600
quicksort_mm,inverso,2000,3,0.000285800
insertion_sort,inverso,2000,4,0.001376000
selection_sort,inverso,2000,4,0.001915400
mergesort,inverso,2000,4,0.000052400
heapsort,inverso,2000,4,0.000146600
quicksort,inverso,2000,4,0.002829900
quicksort_aleatorio,inverso,2000,4,0.000095300
quicksort_mm,inverso,2000,4,0.000333300
insertion_sort,inverso,2000,5,0.001325300
selection_sort,inverso,2000,5,0.001835400
mergesort,inverso,2000,5,0.000055100
heapsort,inverso,2000,5,0.000119600
quicksort,inverso,2000,5,0.002014500
quicksort_aleatorio,inverso,2000,5,0.000079600
quicksort_mm,inverso,2000,5,0.000292400
insertion_sort,inverso,2000,6,0.001264900
selection_sort,inverso,2000,6,0.001819100
mergesort,inverso,2000,6,0.000052800
heapsort,inverso,2000,6,0.000119000
quicksort,inverso,2000,6,0.001844100
quicksort_aleatorio,inverso,2000,6,0.000080200
quicksort_mm,inverso,2000,6,0.000256700
insertion_sort,inverso,2000,7,0.001229500
selection_sort,inverso,2000,7,0.003545100
mergesort,inverso,2000,7,0.000062200
heapsort,inverso,2000,7,0.000181300
quicksort,inverso,2000,7,0.002136000
quicksort_aleatorio,inverso,2000,7,0.000089900
quicksort_mm,inverso,2000,7,0.000273000
insertion_sort,inverso,2000,8,0.001225400
selection_sort,inverso,2000,8,0.001907300
mergesort,inverso,2000,8,0.000061300
heapsort,inverso,2000,8,0.000121000
quicksort,inverso,2000,8,0.002035200
quicksort_aleatorio,inverso,2000,8,0.000079000
quicksort_mm,inverso,2000,8,0.000258600
insertion_sort,inverso,2000,9,0.001265100
selection_sort,inverso,2000,9,0.001857100
mergesort,inverso,2000,9,0.000094200
heapsort,inverso,2000,9,0.000135200
quicksort,inverso,2000,9,0.001927400
quicksort_aleatorio,inverso,2000,9,0.000109300
quicksort_mm,inverso,2000,9,0.000365200
insertion_sort,inverso,5000,0,0.009615500
selection_sort,inverso,5000,0,0.012589600
mergesort,inverso,5000,0,0.000136300
heapsort,inverso,5000,0,0.000378000
quicksort,inverso,5000,0,0.013016300
quicksort_aleatorio,inverso,5000,0,0.000311200
quicksort_mm,inverso,5000,0,0.000755500
insertion_sort,inverso,5000,1,0.008718900
selection_sort,inverso,5000,1,0.012509300
mergesort,inverso,5000,1,0.000214700
heapsort,inverso,5000,1,0.000321700
quicksort,inverso,5000,1,0.012955000
quicksort_aleatorio,inverso,5000,1,0.000198900
quicksort_mm,inverso,5000,1,0.000781800
insertion_sort,inverso,5000,2,0.008051400
selection_sort,inverso,5000,2,0.012823000
mergesort,inverso,5000,2,0.000135900
heapsort,inverso,5000,2,0.000322400
quicksort,inverso,5000,2,0.012558600
quicksort_aleatorio,inverso,5000,2,0.000254600
quicksort_mm,inverso,5000,2,0.001018500
insertion_sort,inverso,5000,3,0.007842100
selection_sort,inverso,5000,3,0.012418300
mergesort,inverso,5000,3,0.000136000
heapsort,inverso,5000,3,0.000324600
quicksort,inverso,5000,3,0.013611600
quicksort_aleatorio,inverso,5000,3,0.000225700
quicksort_mm,inverso,5000,3,0.000805900
insertion_sort,inverso,5000,4,0.008846300
selection_sort,inverso,5000,4,0.011505600
mergesort,inverso,5000,4,0.000152600
heapsort,inverso,5000,4,0.000338500
quicksort,inverso,5000,4,0.012997900
quicksort_aleatorio,inverso,5000,4,0.000203800
quicksort_mm,inverso,5000,4,0.000721400
insertion_sort,inverso,5000,5,0.009088700
selection_sort,inverso,5000,5,0.011406000
mergesort,inverso,5000,5,0.000135400
heapsort,inverso,5000,5,0.000322700
quicksort,inverso,5000,5,0.012834200
quicksort_aleatorio,inverso,5000,5,0.000227500
quicksort_mm,inverso,5000,5,0.000778400
insertion_sort,inverso,5000,6,0.008665600
selection_sort,inverso,5000,6,0.012623200
mergesort,inverso,5000,6,0.000215200
heapsort,inverso,5000,6,0.000467900
quicksort,inverso,5000,6,0.012677000
quicksort_aleatorio,inverso,5000,6,0.000234900
quicksort_mm,inverso,5000,6,0.000767100
insertion_sort,inverso,5000,7,0.008944600
selection_sort,inverso,5000,7,0.012897500
mergesort,inverso,5000,7,0.000135800
heapsort,inverso,5000,7,0.000366500
quicksort,inverso,5000,7,0.013230100
quicksort_aleatorio,inverso,5000,7,0.000234800
quicksort_mm,inverso,5000,7,0.000796300
insertion_sort,inverso,5000,8,0.007937000
selection_sort,inverso,5000,8,0.012934300
mergesort,inverso,5000,8,0.000149600
heapsort,inverso,5000,8,0.000362200
quicksort,inverso,5000,8,0.013098900
quicksort_aleatorio,inverso,5000,8,0.000204600
quicksort_mm,inverso,5000,8,0.000783600
insertion_sort,inverso,5000,9,0.008028400
selection_sort,inverso,5000,9,0.013288700
mergesort,inverso,5000,9,0.000152800
heapsort,inverso,5000,9,0.000357900
quicksort,inverso,5000,9,0.012977300
quicksort_aleatorio,inverso,5000,9,0.000256700
quicksort_mm,inverso,5000,9,0.000718300
insertion_sort,inverso,10000,0,0.035974000
selection_sort,inverso,10000,0,0.051140200
mergesort,inverso,10000,0,0.000302400
heapsort,inverso,10000,0,0.000691300
quicksort,inverso,10000,0,0.050409700
quicksort_aleatorio,inverso,10000,0,0.000411000
quicksort_mm,inverso,10000,0,0.001615800
insertion_sort,inverso,10000,1,0.035703200
selection_sort,inverso,10000,1,0.058489600
mergesort,inverso,10000,1,0.000313100
heapsort,inverso,10000,1,0.000805800
quicksort,inverso,10000,1,0.052569700
quicksort_aleatorio,inverso,10000,1,0.000402300
quicksort_mm,inverso,10000,1,0.001637900
insertion_sort,inverso,10000,2,0.034230400
selection_sort,inverso,10000,2,0.053744400
mergesort,inverso,10000,2,0.000309200
heapsort,inverso,10000,2,0.000787600
quicksort,inverso,10000,2,0.052881800
quicksort_aleatorio,inverso,10000,2,0.000412300
quicksort_mm,inverso,10000,2,0.001713900
insertion_sort,inverso,10000,3,0.034497200
selection_sort,inverso,10000,3,0.321073600
mergesort,inverso,10000,3,0.000422800
heapsort,inverso,10000,3,0.002052600
quicksort,inverso,10000,3,0.096546200
quicksort_aleatorio,inverso,10000,3,0.000455500
quicksort_mm,inverso,10000,3,0.002573700
insertion_sort,inverso,10000,4,0.037293900
selection_sort,inverso,10000,4,0.052461900
mergesort,inverso,10000,4,0.000277300
heapsort,inverso,10000,4,0.000793900
quicksort,inverso,10000,4,0.053072300
quicksort_aleatorio,inverso,10000,4,0.000430300
quicksort_mm,inverso,10000,4,0.001604300
insertion_sort,inverso,10000,5,0.033860400
selection_sort,inverso,10000,5,0.049869500
mergesort,inverso,10000,5,0.000313200
heapsort,inverso,10000,5,0.000783200
quicksort,inverso,10000,5,0.050709800
quicksort_aleatorio,inverso,10000,5,0.001061300
quicksort_mm,inverso,10000,5,0.001797400
insertion_sort,inverso,10000,6,0.034461000
selection_sort,inverso,10000,6,0.049543400
mergesort,inverso,10000,6,0.000313800
heapsort,inverso,10000,6,0.000781700
quicksort,inverso,10000,6,0.052095300
quicksort_aleatorio,inverso,10000,6,0.000428700
quicksort_mm,inverso,10000,6,0.001615000
insertion_sort,inverso,10000,7,0.035262500
selection_sort,inverso,10000,7,0.050361900
mergesort,inverso,10000,7,0.000304200
heapsort,inverso,10000,7,0.000718900
quicksort,inverso,10000,7,0.051419700
quicksort_aleatorio,inverso,10000,7,0.000430200
quicksort_mm,inverso,10000,7,0.001592700
insertion_sort,inverso,10000,8,0.034960400
selection_sort,inverso,10000,8,0.049783200
mergesort,inverso,10000,8,0.000454900
heapsort,inverso,10000,8,0.000763400
quicksort,inverso,10000,8,0.051372100
quicksort_aleatorio,inverso,10000,8,0.000408900
quicksort_mm,inverso,10000,8,0.001602700
insertion_sort,inverso,10000,9,0.033647900
selection_sort,inverso,10000,9,0.049133300
mergesort,inverso,10000,9,0.000358700
heapsort,inverso,10000,9,0.000691200
quicksort,inverso,10000,9,0.051389300
quicksort_aleatorio,inverso,10000,9,0.000422100
quicksort_mm,inverso,10000,9,0.001837900
insertion_sort,inverso,20000,0,0.138637600
selection_sort,inverso,20000,0,0.207098400
mergesort,inverso,20000,0,0.000618700
heapsort,inverso,20000,0,0.001531300
quicksort,inverso,20000,0,0.203323400
quicksort_aleatorio,inverso,20000,0,0.000851700
quicksort_mm,inverso,20000,0,0.004320800
insertion_sort,inverso,20000,1,0.141724100
selection_sort,inverso,20000,1,0.200689000
mergesort,inverso,20000,1,0.000690800
heapsort,inverso,20000,1,0.001468300
quicksort,inverso,20000,1,0.202074100
quicksort_aleatorio,inverso,20000,1,0.000851100
quicksort_mm,inverso,20000,1,0.004578700
insertion_sort,inverso,20000,2,0.140581800
selection_sort,inverso,20000,2,0.204303000
mergesort,inverso,20000,2,0.000747900
heapsort,inverso,20000,2,0.002385400
quicksort,inverso,20000,2,0.202552400
quicksort_aleatorio,inverso,20000,2,0.000840600
quicksort_mm,inverso,20000,2,0.003512100
insertion_sort,inverso,20000,3,0.136674000
selection_sort,inverso,20000,3,0.197843600
mergesort,inverso,20000,3,0.000651100
heapsort,inverso,20000,3,0.001473400
quicksort,inverso,20000,3,0.201976900
quicksort_aleatorio,inverso,20000,3,0.001026400
quicksort_mm,inverso,20000,3,0.004323600
insertion_sort,inverso,20000,4,0.137473100
selection_sort,inverso,20000,4,0.204437200
mergesort,inverso,20000,4,0.000578200
heapsort,inverso,20000,4,0.001499300
quicksort,inverso,20000,4,0.211021200
quicksort_aleatorio,inverso,20000,4,0.000872700
quicksort_mm,inverso,20000,4,0.003466700
insertion_sort,inverso,20000,5,0.135710900
selection_sort,inverso,20000,5,0.209856800
mergesort,inverso,20000,5,0.000577100
heapsort,inverso,20000,5,0.001621500
quicksort,inverso,20000,5,0.218164900
quicksort_aleatorio,inverso,20000,5,0.000893100
quicksort_mm,inverso,20000,5,0.005239700
insertion_sort,inverso,20000,6,0.154957900
selection_sort,inverso,20000,6,0.234314800
mergesort,inverso,20000,6,0.000606900
heapsort,inverso,20000,6,0.001456800
quicksort,inverso,20000,6,0.231898600
quicksort_aleatorio,inverso,20000,6,0.000825400
quicksort_mm,inverso,20000,6,0.003706000
insertion_sort,inverso,20000,7,0.148953200
selection_sort,inverso,20000,7,0.216348400
mergesort,inverso,20000,7,0.000574500
heapsort,inverso,20000,7,0.002241500
quicksort,inverso,20000,7,0.332913400
quicksort_aleatorio,inverso,20000,7,0.001005700
quicksort_mm,inverso,20000,7,0.003399700
insertion_sort,inverso,20000,8,0.157766400
selection_sort,inverso,20000,8,0.202162900
mergesort,inverso,20000,8,0.000601300
heapsort,inverso,20000,8,0.002087900
quicksort,inverso,20000,8,0.208757600
quicksort_aleatorio,inverso,20000,8,0.000886100
quicksort_mm,inverso,20000,8,0.003695600
insertion_sort,inverso,20000,9,0.136283400
selection_sort,inverso,20000,9,0.200724700
mergesort,inverso,20000,9,0.000573800
heapsort,inverso,20000,9,0.001648400
quicksort,inverso,20000,9,0.200849100
quicksort_aleatorio,inverso,20000,9,0.000986200
quicksort_mm,inverso,20000,9,0.003560600
insertion_sort,inverso,50000,0,0.987830500
selection_sort,inverso,50000,0,1.588850100
mergesort,inverso,50000,0,0.001729300
heapsort,inverso,50000,0,0.004440900
quicksort,inverso,50000,0,1.279407700
quicksort_aleatorio,inverso,50000,0,0.002260400
quicksort_mm,inverso,50000,0,0.009808000
insertion_sort,inverso,50000,1,0.791944300
selection_sort,inverso,50000,1,1.150315000
mergesort,inverso,50000,1,0.001526200
heapsort,inverso,50000,1,0.003910100
quicksort,inverso,50000,1,1.171481800
quicksort_aleatorio,inverso,50000,1,0.002199600
quicksort_mm,inverso,50000,1,0.009349400
insertion_sort,inverso,50000,2,0.796469600
selection_sort,inverso,50000,2,1.139745100
mergesort,inverso,50000,2,0.001657900
heapsort,inverso,50000,2,0.003982100
quicksort,inverso,50000,2,1.183864000
quicksort_aleatorio,inverso,50000,2,0.002455500
quicksort_mm,inverso,50000,2,0.009371900
insertion_sort,inverso,50000,3,0.857648700
selection_sort,inverso,50000,3,1.155616700
mergesort,inverso,50000,3,0.001536800
heapsort,inverso,50000,3,0.004051500
quicksort,inverso,50000,3,1.178894300
quicksort_aleatorio,inverso,50000,3,0.002420000
quicksort_mm,inverso,50000,3,0.009708200
insertion_sort,inverso,50000,4,0.797002900
selection_sort,inverso,50000,4,1.153381900
mergesort,inverso,50000,4,0.001546900
heapsort,inverso,50000,4,0.004254800
quicksort,inverso,50000,4,1.330552800
quicksort_aleatorio,inverso,50000,4,0.002334200
quicksort_mm,inverso,50000,4,0.009494700
insertion_sort,inverso,50000,5,0.793637600
selection_sort,inverso,50000,5,1.149606400
mergesort,inverso,50000,5,0.001572800
heapsort,inverso,50000,5,0.004016100
quicksort,inverso,50000,5,1.271231300
quicksort_aleatorio,inverso,50000,5,0.002287100
quicksort_mm,inverso,50000,5,0.009461900
insertion_sort,inverso,50000,6,0.796912800
selection_sort,inverso,50000,6,1.293752300
mergesort,inverso,50000,6,0.001589500
heapsort,inverso,50000,6,0.003939300
quicksort,inverso,50000,6,1.190284900
quicksort_aleatorio,inverso,50000,6,0.002371100
quicksort_mm,inverso,50000,6,0.009804000
insertion_sort,inverso,50000,7,0.796343500
selection_sort,inverso,50000,7,1.171758200
mergesort,inverso,50000,7,0.001733700
heapsort,inverso,50000,7,0.004312600
quicksort,inverso,50000,7,1.172315700
quicksort_aleatorio,inverso,50000,7,0.002418800
quicksort_mm,inverso,50000,7,0.009506500
insertion_sort,inverso,50000,8,0.798881500
selection_sort,inverso,50000,8,1.169018900
mergesort,inverso,50000,8,0.001675700
heapsort,inverso,50000,8,0.003937500
quicksort,inverso,50000,8,1.168810700
quicksort_aleatorio,inverso,50000,8,0.002522300
quicksort_mm,inverso,50000,8,0.010324900
insertion_sort,inverso,50000,9,0.814471000
selection_sort,inverso,50000,9,1.196044400
mergesort,inverso,50000,9,0.003361200
heapsort,inverso,50000,9,0.004800900
quicksort,inverso,50000,9,1.193426700
quicksort_aleatorio,inverso,50000,9,0.002494800
quicksort_mm,inverso,50000,9,0.010600100
mergesort,inverso,100000,0,0.003661100
heapsort,inverso,100000,0,0.009106500
quicksort_aleatorio,inverso,100000,0,0.005052800
quicksort_mm,inverso,100000,0,0.020947900
mergesort,inverso,100000,1,0.003375400
heapsort,inverso,100000,1,0.008370000
quicksort_aleatorio,inverso,100000,1,0.004468000
quicksort_mm,inverso,100000,1,0.020247600
mergesort,inverso,100000,2,0.003399900
heapsort,inverso,100000,2,0.008453300
quicksort_aleatorio,inverso,100000,2,0.004534700
quicksort_mm,inverso,100000,2,0.020527500
mergesort,inverso,100000,3,0.003270100
heapsort,inverso,100000,3,0.008271400
quicksort_aleatorio,inverso,100000,3,0.004830900
quicksort_mm,inverso,100000,3,0.020883000
mergesort,inverso,100000,4,0.003266900
heapsort,inverso,100000,4,0.008281900
quicksort_aleatorio,inverso,100000,4,0.004712500
quicksort_mm,inverso,100000,4,0.021161100
mergesort,inverso,100000,5,0.003203900
heapsort,inverso,100000,5,0.008227900
quicksort_aleatorio,inverso,100000,5,0.004481200
quicksort_mm,inverso,100000,5,0.020170700
mergesort,inverso,100000,6,0.003523100
heapsort,inverso,100000,6,0.008436200
quicksort_aleatorio,inverso,100000,6,0.004493900
quicksort_mm,inverso,100000,6,0.020242000
mergesort,inverso,100000,7,0.003262600
heapsort,inverso,100000,7,0.008467700
quicksort_aleatorio,inverso,100000,7,0.004687800
quicksort_mm,inverso,100000,7,0.020327500
mergesort,inverso,100000,8,0.003300100
heapsort,inverso,100000,8,0.009273400
quicksort_aleatorio,inverso,100000,8,0.004867400
quicksort_mm,inverso,100000,8,0.025157200
mergesort,inverso,100000,9,0.006967800
heapsort,inverso,100000,9,0.010660100
quicksort_aleatorio,inverso,100000,9,0.007136000
quicksort_mm,inverso,100000,9,0.022920100
mergesort,inverso,200000,0,0.008545400
heapsort,inverso,200000,0,0.019401900
quicksort_aleatorio,inverso,200000,0,0.011093100
quicksort_mm,inverso,200000,0,0.047713600
mergesort,inverso,200000,1,0.009004500
heapsort,inverso,200000,1,0.028209300
quicksort_aleatorio,inverso,200000,1,0.012615600
quicksort_mm,inverso,200000,1,0.080478600
mergesort,inverso,200000,2,0.011862700
heapsort,inverso,200000,2,0.022701400
quicksort_aleatorio,inverso,200000,2,0.010649100
quicksort_mm,inverso,200000,2,0.048640900
mergesort,inverso,200000,3,0.008972500
heapsort,inverso,200000,3,0.021623500
quicksort_aleatorio,inverso,200000,3,0.012741000
quicksort_mm,inverso,200000,3,0.052582700
mergesort,inverso,200000,4,0.007939700
heapsort,inverso,200000,4,0.019836000
quicksort_aleatorio,inverso,200000,4,0.010598900
quicksort_mm,inverso,200000,4,0.046979800
mergesort,inverso,200000,5,0.008000300
heapsort,inverso,200000,5,0.017731200
quicksort_aleatorio,inverso,200000,5,0.010157600
quicksort_mm,inverso,200000,5,0.048658200
mergesort,inverso,200000,6,0.007835900
heapsort,inverso,200000,6,0.020075900
quicksort_aleatorio,inverso,200000,6,0.010601500
quicksort_mm,inverso,200000,6,0.044593400
mergesort,inverso,200000,7,0.007551000
heapsort,inverso,200000,7,0.017529000
quicksort_aleatorio,inverso,200000,7,0.009768200
quicksort_mm,inverso,200000,7,0.044657500
mergesort,inverso,200000,8,0.007976000
heapsort,inverso,200000,8,0.018414400
quicksort_aleatorio,inverso,200000,8,0.011202500
quicksort_mm,inverso,200000,8,0.044763400
mergesort,inverso,200000,9,0.008335500
heapsort,inverso,200000,9,0.017949000
quicksort_aleatorio,inverso,200000,9,0.010275300
quicksort_mm,inverso,200000,9,0.045225500
mergesort,inverso,500000,0,0.020659900
heapsort,inverso,500000,0,0.052501800
quicksort_aleatorio,inverso,500000,0,0.026294400
quicksort_mm,inverso,500000,0,0.123476600
mergesort,inverso,500000,1,0.020237200
heapsort,inverso,500000,1,0.048127800
quicksort_aleatorio,inverso,500000,1,0.026900300
quicksort_mm,inverso,500000,1,0.125153700
mergesort,inverso,500000,2,0.021064900
heapsort,inverso,500000,2,0.047164800
quicksort_aleatorio,inverso,500000,2,0.025738800
quicksort_mm,inverso,500000,2,0.122578000
mergesort,inverso,500000,3,0.019974900
heapsort,inverso,500000,3,0.048666700
quicksort_aleatorio,inverso,500000,3,0.024586700
quicksort_mm,inverso,500000,3,0.119461400
mergesort,inverso,500000,4,0.019328300
heapsort,inverso,500000,4,0.045540100
quicksort_aleatorio,inverso,500000,4,0.025534400
quicksort_mm,inverso,500000,4,0.119466500
mergesort,inverso,500000,5,0.019522600
heapsort,inverso,500000,5,0.045788600
quicksort_aleatorio,inverso,500000,5,0.025028300
quicksort_mm,inverso,500000,5,0.129884000
mergesort,inverso,500000,6,0.030165400
heapsort,inverso,500000,6,0.059996900
quicksort_aleatorio,inverso,500000,6,0.032684300
quicksort_mm,inverso,500000,6,0.152262100
mergesort,inverso,500000,7,0.021226200
heapsort,inverso,500000,7,0.046654900
quicksort_aleatorio,inverso,500000,7,0.025705500
quicksort_mm,inverso,500000,7,0.123043900
mergesort,inverso,500000,8,0.020673100
heapsort,inverso,500000,8,0.049212100
quicksort_aleatorio,inverso,500000,8,0.025967900
quicksort_mm,inverso,500000,8,0.124505300
mergesort,inverso,500000,9,0.020061500
heapsort,inverso,500000,9,0.047829500
quicksort_aleatorio,inverso,500000,9,0.025083200
quicksort_mm,inverso,500000,9,0.129980000
mergesort,inverso,1000000,0,0.062563700
heapsort,inverso,1000000,0,0.122965600
quicksort_aleatorio,inverso,1000000,0,0.060630600
quicksort_mm,inverso,1000000,0,0.263400900
mergesort,inverso,1000000,1,0.041529100
heapsort,inverso,1000000,1,0.099863500
quicksort_aleatorio,inverso,1000000,1,0.051653800
quicksort_mm,inverso,1000000,1,0.251659800
mergesort,inverso,1000000,2,0.044775200
heapsort,inverso,1000000,2,0.097708400
quicksort_aleatorio,inverso,1000000,2,0.052617000
quicksort_mm,inverso,1000000,2,0.254957100
mergesort,inverso,1000000,3,0.040727000
heapsort,inverso,1000000,3,0.094006900
quicksort_aleatorio,inverso,1000000,3,0.073627900
quicksort_mm,inverso,1000000,3,0.272572900
mergesort,inverso,1000000,4,0.046713700
heapsort,inverso,1000000,4,0.122336200
quicksort_aleatorio,inverso,1000000,4,0.066400500
quicksort_mm,inverso,1000000,4,0.277964100
mergesort,inverso,1000000,5,0.043533800
heapsort,inverso,1000000,5,0.101126400
quicksort_aleatorio,inverso,1000000,5,0.050658300
quicksort_mm,inverso,1000000,5,0.255921000
mergesort,inverso,1000000,6,0.040710000
heapsort,inverso,1000000,6,0.096651300
quicksort_aleatorio,inverso,1000000,6,0.051059300
quicksort_mm,inverso,1000000,6,0.286420100
mergesort,inverso,1000000,7,0.050485400
heapsort,inverso,1000000,7,0.107087000
quicksort_aleatorio,inverso,1000000,7,0.058640400
quicksort_mm,inverso,1000000,7,0.286513300
mergesort,inverso,1000000,8,0.045034900
heapsort,inverso,1000000,8,0.126360700
quicksort_aleatorio,inverso,1000000,8,0.097593200
quicksort_mm,inverso,1000000,8,0.323581700
mergesort,inverso,1000000,9,0.055726800
heapsort,inverso,1000000,9,0.109646600
quicksort_aleatorio,inverso,1000000,9,0.052167600
quicksort_mm,inverso,1000000,9,0.284267600
insertion_sort,quase,1000,0,0.000039100
selection_sort,quase,1000,0,0.000803300
mergesort,quase,1000,0,0.000042300
heapsort,quase,1000,0,0.000069000
quicksort,quase,1000,0,0.000055900
quicksort_aleatorio,quase,1000,0,0.000052000
quicksort_mm,quase,1000,0,0.000138700
insertion_sort,quase,1000,1,0.000026000
selection_sort,quase,1000,1,0.000496000
mergesort,quase,1000,1,0.000038900
heapsort,quase,1000,1,0.000092800
quicksort,quase,1000,1,0.000072800
quicksort_aleatorio,quase,1000,1,0.000054000
quicksort_mm,quase,1000,1,0.000140900
insertion_sort,quase,1000,2,0.000029800
selection_sort,quase,1000,2,0.000500300
mergesort,quase,1000,2,0.000055500
heapsort,quase,1000,2,0.000075600
quicksort,quase,1000,2,0.000053300
quicksort_aleatorio,quase,1000,2,0.000048800
quicksort_mm,quase,1000,2,0.000160300
insertion_sort,quase,1000,3,0.000077800
selection_sort,quase,1000,3,0.000714600
mergesort,quase,1000,3,0.000067800
heapsort,quase,1000,3,0.000079700
quicksort,quase,1000,3,0.000069000
quicksort_aleatorio,quase,1000,3,0.000058900
quicksort_mm,quase,1000,3,0.000204400
insertion_sort,quase,1000,4,0.000054900
selection_sort,quase,1000,4,0.000716300
mergesort,quase,1000,4,0.000038700
heapsort,quase,1000,4,0.000063400
quicksort,quase,1000,4,0.000071700
quicksort_aleatorio,quase,1000,4,0.000103500
quicksort_mm,quase,1000,4,0.000154900
insertion_sort,quase,1000,5,0.000027700
selection_sort,quase,1000,5,0.000453100
mergesort,quase,1000,5,0.000036000
heapsort,quase,1000,5,0.000061900
quicksort,quase,1000,5,0.000052600
quicksort_aleatorio,quase,1000,5,0.000046100
quicksort_mm,quase,1000,5,0.000123800
insertion_sort,quase,1000,6,0.000025000
selection_sort,quase,1000,6,0.000441200
mergesort,quase,1000,6,0.000035100
heapsort,quase,1000,6,0.000062300
quicksort,quase,1000,6,0.000045700
quicksort_aleatorio,quase,1000,6,0.000043100
quicksort_mm,quase,1000,6,0.000122700
insertion_sort,quase,1000,7,0.000024000
selection_sort,quase,1000,7,0.000441200
mergesort,quase,1000,7,0.000034600
heapsort,quase,1000,7,0.000061500
quicksort,quase,1000,7,0.000047100
quicksort_aleatorio,quase,1000,7,0.000044100
quicksort_mm,quase,1000,7,0.000121900
insertion_sort,quase,1000,8,0.000022600
selection_sort,quase,1000,8,0.000546200
mergesort,quase,1000,8,0.000053300
heapsort,quase,1000,8,0.000086100
quicksort,quase,1000,8,0.000103100
quicksort_aleatorio,quase,1000,8,0.000048300
quicksort_mm,quase,1000,8,0.000142300
insertion_sort,quase,1000,9,0.000031800
selection_sort,quase,1000,9,0.000531700
mergesort,quase,1000,9,0.000037100
heapsort,quase,1000,9,0.000061100
quicksort,quase,1000,9,0.000057400
quicksort_aleatorio,quase,1000,9,0.000044200
quicksort_mm,quase,1000,9,0.000125900
insertion_sort,quase,2000,0,0.000089200
selection_sort,quase,2000,0,0.002294200
mergesort,quase,2000,0,0.000099900
heapsort,quase,2000,0,0.000148100
quicksort,quase,2000,0,0.000106100
quicksort_aleatorio,quase,2000,0,0.000098300
quicksort_mm,quase,2000,0,0.000301900
insertion_sort,quase,2000,1,0.000091800
selection_sort,quase,2000,1,0.002177800
mergesort,quase,2000,1,0.000079400
heapsort,quase,2000,1,0.000146000
quicksort,quase,2000,1,0.000099100
quicksort_aleatorio,quase,2000,1,0.000127200
quicksort_mm,quase,2000,1,0.000390900
insertion_sort,quase,2000,2,0.000141400
selection_sort,quase,2000,2,0.003355300
mergesort,quase,2000,2,0.000098900
heapsort,quase,2000,2,0.000160000
quicksort,quase,2000,2,0.000084100
quicksort_aleatorio,quase,2000,2,0.000118500
quicksort_mm,quase,2000,2,0.000275000
insertion_sort,quase,2000,3,0.000083500
selection_sort,quase,2000,3,0.001797600
mergesort,quase,2000,3,0.000070400
heapsort,quase,2000,3,0.000129400
quicksort,quase,2000,3,0.000116500
quicksort_aleatorio,quase,2000,3,0.000090000
quicksort_mm,quase,2000,3,0.000291700
insertion_sort,quase,2000,4,0.000120500
selection_sort,quase,2000,4,0.001919500
mergesort,quase,2000,4,0.000070400
heapsort,quase,2000,4,0.000127600
quicksort,quase,2000,4,0.000121100
quicksort_aleatorio,quase,2000,4,0.000087300
quicksort_mm,quase,2000,4,0.000268200
insertion_sort,quase,2000,5,0.000091800
selection_sort,quase,2000,5,0.001929700
mergesort,quase,2000,5,0.000228100
heapsort,quase,2000,5,0.000618800
quicksort,quase,2000,5,0.000179600
quicksort_aleatorio,quase,2000,5,0.000135800
quicksort_mm,quase,2000,5,0.000358200
insertion_sort,quase,2000,6,0.000123200
selection_sort,quase,2000,6,0.003586100
mergesort,quase,2000,6,0.000144600
heapsort,quase,2000,6,0.000148700
quicksort,quase,2000,6,0.000111900
quicksort_aleatorio,quase,2000,6,0.000098500
quicksort_mm,quase,2000,6,0.000550600
insertion_sort,quase,2000,7,0.000156600
selection_sort,quase,2000,7,0.002711700
mergesort,quase,2000,7,0.000123900
heapsort,quase,2000,7,0.000150400
quicksort,quase,2000,7,0.000088100
quicksort_aleatorio,quase,2000,7,0.000103700
quicksort_mm,quase,2000,7,0.000365000
insertion_sort,quase,2000,8,0.000088100
selection_sort,quase,2000,8,0.001761800
mergesort,quase,2000,8,0.000070300
heapsort,quase,2000,8,0.000129500
quicksort,quase,2000,8,0.000134500
quicksort_aleatorio,quase,2000,8,0.000087300
quicksort_mm,quase,2000,8,0.000266000
insertion_sort,quase,2000,9,0.000095800
selection_sort,quase,2000,9,0.001788400
mergesort,quase,2000,9,0.000079100
heapsort,quase,2000,9,0.000147500
quicksort,quase,2000,9,0.000092800
quicksort_aleatorio,quase,2000,9,0.000102600
quicksort_mm,quase,2000,9,0.000301700
insertion_sort,quase,5000,0,0.000514900
selection_sort,quase,5000,0,0.014293200
mergesort,quase,5000,0,0.000205900
heapsort,quase,5000,0,0.000360600
quicksort,quase,5000,0,0.000280800
quicksort_aleatorio,quase,5000,0,0.000244200
quicksort_mm,quase,5000,0,0.000762800
insertion_sort,quase,5000,1,0.000611600
selection_sort,quase,5000,1,0.014264700
mergesort,quase,5000,1,0.000203500
heapsort,quase,5000,1,0.000387900
quicksort,quase,5000,1,0.000397900
quicksort_aleatorio,quase,5000,1,0.000266700
quicksort_mm,quase,5000,1,0.000915100
insertion_sort,quase,5000,2,0.000559400
selection_sort,quase,5000,2,0.013550200
mergesort,quase,5000,2,0.000178700
heapsort,quase,5000,2,0.000363500
quicksort,quase,5000,2,0.000374600
quicksort_aleatorio,quase,5000,2,0.000255200
quicksort_mm,quase,5000,2,0.000823900
insertion_sort,quase,5000,3,0.000645600
selection_sort,quase,5000,3,0.014980900
mergesort,quase,5000,3,0.000201700
heapsort,quase,5000,3,0.000384400
quicksort,quase,5000,3,0.000301700
quicksort_aleatorio,quase,5000,3,0.000262300
quicksort_mm,quase,5000,3,0.001097300
insertion_sort,quase,5000,4,0.000543200
selection_sort,quase,5000,4,0.013911400
mergesort,quase,5000,4,0.000205700
heapsort,quase,5000,4,0.000390400
quicksort,quase,5000,4,0.000310900
quicksort_aleatorio,quase,5000,4,0.000373000
quicksort_mm,quase,5000,4,0.001753900
insertion_sort,quase,5000,5,0.000719800
selection_sort,quase,5000,5,0.013946700
mergesort,quase,5000,5,0.000318800
heapsort,quase,5000,5,0.000562900
quicksort,quase,5000,5,0.000325600
quicksort_aleatorio,quase,5000,5,0.000298400
quicksort_mm,quase,5000,5,0.001153900
insertion_sort,quase,5000,6,0.001084400
selection_sort,quase,5000,6,0.015354200
mergesort,quase,5000,6,0.000221500
heapsort,quase,5000,6,0.000388900
quicksort,quase,5000,6,0.000376500
quicksort_aleatorio,quase,5000,6,0.000266300
quicksort_mm,quase,5000,6,0.000838000
insertion_sort,quase,5000,7,0.000532400
selection_sort,quase,5000,7,0.012468100
mergesort,quase,5000,7,0.000203300
heapsort,quase,5000,7,0.000391600
quicksort,quase,5000,7,0.000375900
quicksort_aleatorio,quase,5000,7,0.000266500
quicksort_mm,quase,5000,7,0.000871400
insertion_sort,quase,5000,8,0.000571500
selection_sort,quase,5000,8,0.012483500
mergesort,quase,5000,8,0.000207300
heapsort,quase,5000,8,0.000440800
quicksort,quase,5000,8,0.000414900
quicksort_aleatorio,quase,5000,8,0.000306600
quicksort_mm,quase,5000,8,0.000746100
insertion_sort,quase,5000,9,0.000492300
selection_sort,quase,5000,9,0.011385700
mergesort,quase,5000,9,0.000177500
heapsort,quase,5000,9,0.000340700
quicksort,quase,5000,9,0.000446700
quicksort_aleatorio,quase,5000,9,0.000232200
quicksort_mm,quase,5000,9,0.000850000
insertion_sort,quase,10000,0,0.002293700
selection_sort,quase,10000,0,0.049096100
mergesort,quase,10000,0,0.000410000
heapsort,quase,10000,0,0.000810900
quicksort,quase,10000,0,0.000626900
quicksort_aleatorio,quase,10000,0,0.000534400
quicksort_mm,quase,10000,0,0.001802000
insertion_sort,quase,10000,1,0.002070700
selection_sort,quase,10000,1,0.048067400
mergesort,quase,10000,1,0.000409300
heapsort,quase,10000,1,0.000764500
quicksort,quase,10000,1,0.000711100
quicksort_aleatorio,quase,10000,1,0.000468400
quicksort_mm,quase,10000,1,0.001663900
insertion_sort,quase,10000,2,0.001975700
selection_sort,quase,10000,2,0.051688300
mergesort,quase,10000,2,0.000416500
heapsort,quase,10000,2,0.000809300
quicksort,quase,10000,2,0.000575200
quicksort_aleatorio,quase,10000,2,0.000538200
quicksort_mm,quase,10000,2,0.001816900
insertion_sort,quase,10000,3,0.002110500
selection_sort,quase,10000,3,0.065535100
mergesort,quase,10000,3,0.000571000
heapsort,quase,10000,3,0.000865400
quicksort,quase,10000,3,0.000547200
quicksort_aleatorio,quase,10000,3,0.000537000
quicksort_mm,quase,10000,3,0.002053500
insertion_sort,quase,10000,4,0.002260900
selection_sort,quase,10000,4,0.070733400
mergesort,quase,10000,4,0.000412300
heapsort,quase,10000,4,0.000812000
quicksort,quase,10000,4,0.000704300
quicksort_aleatorio,quase,10000,4,0.000541700
quicksort_mm,quase,10000,4,0.003249400
insertion_sort,quase,10000,5,0.002308300
selection_sort,quase,10000,5,0.246694400
mergesort,quase,10000,5,0.000409900
heapsort,quase,10000,5,0.000823800
quicksort,quase,10000,5,0.000833800
quicksort_aleatorio,quase,10000,5,0.000541600
quicksort_mm,quase,10000,5,0.001987900
insertion_sort,quase,10000,6,0.002233800
selection_sort,quase,10000,6,0.054875800
mergesort,quase,10000,6,0.000413700
heapsort,quase,10000,6,0.000820700
quicksort,quase,10000,6,0.000595700
quicksort_aleatorio,quase,10000,6,0.000569400
quicksort_mm,quase,10000,6,0.002934400
insertion_sort,quase,10000,7,0.002047900
selection_sort,quase,10000,7,0.049343600
mergesort,quase,10000,7,0.000416500
heapsort,quase,10000,7,0.000811800
quicksort,quase,10000,7,0.000782900
quicksort_aleatorio,quase,10000,7,0.000531900
quicksort_mm,quase,10000,7,0.001822600
insertion_sort,quase,10000,8,0.002106000
selection_sort,quase,10000,8,0.045762600
mergesort,quase,10000,8,0.000364500
heapsort,quase,10000,8,0.000728400
quicksort,quase,10000,8,0.000780700
quicksort_aleatorio,quase,10000,8,0.000500100
quicksort_mm,quase,10000,8,0.001865200
insertion_sort,quase,10000,9,0.001890900
selection_sort,quase,10000,9,0.046041800
mergesort,quase,10000,9,0.000420600
heapsort,quase,10000,9,0.000791500
quicksort,quase,10000,9,0.000615100
quicksort_aleatorio,quase,10000,9,0.000476400
quicksort_mm,quase,10000,9,0.001650300
insertion_sort,quase,20000,0,0.007916200
selection_sort,quase,20000,0,0.190828100
mergesort,quase,20000,0,0.000754000
heapsort,quase,20000,0,0.001560200
quicksort,quase,20000,0,0.001515100
quicksort_aleatorio,quase,20000,0,0.001098900
quicksort_mm,quase,20000,0,0.003758500
insertion_sort,quase,20000,1,0.007704200
selection_sort,quase,20000,1,0.184665000
mergesort,quase,20000,1,0.000781800
heapsort,quase,20000,1,0.001556900
quicksort,quase,20000,1,0.001438700
quicksort_aleatorio,quase,20000,1,0.001080200
quicksort_mm,quase,20000,1,0.003970200
insertion_sort,quase,20000,2,0.009006700
selection_sort,quase,20000,2,0.245994500
mergesort,quase,20000,2,0.000812600
heapsort,quase,20000,2,0.001696700
quicksort,quase,20000,2,0.001883000
quicksort_aleatorio,quase,20000,2,0.001295400
quicksort_mm,quase,20000,2,0.004312100
insertion_sort,quase,20000,3,0.008716200
selection_sort,quase,20000,3,0.195139800
mergesort,quase,20000,3,0.000778500
heapsort,quase,20000,3,0.001544900
quicksort,quase,20000,3,0.002441700
quicksort_aleatorio,quase,20000,3,0.000990100
quicksort_mm,quase,20000,3,0.004066500
insertion_sort,quase,20000,4,0.007529800
selection_sort,quase,20000,4,0.243883900
mergesort,quase,20000,4,0.000848200
heapsort,quase,20000,4,0.002263800
quicksort,quase,20000,4,0.001544600
quicksort_aleatorio,quase,20000,4,0.001124400
quicksort_mm,quase,20000,4,0.004134800
insertion_sort,quase,20000,5,0.010428200
selection_sort,quase,20000,5,0.200698800
mergesort,quase,20000,5,0.000752100
heapsort,quase,20000,5,0.001697900
quicksort,quase,20000,5,0.001629200
quicksort_aleatorio,quase,20000,5,0.001100700
quicksort_mm,quase,20000,5,0.003679300
insertion_sort,quase,20000,6,0.008220000
selection_sort,quase,20000,6,0.185997100
mergesort,quase,20000,6,0.000818200
heapsort,quase,20000,6,0.001728400
quicksort,quase,20000,6,0.001716200
quicksort_aleatorio,quase,20000,6,0.000979300
quicksort_mm,quase,20000,6,0.003542600
insertion_sort,quase,20000,7,0.008303100
selection_sort,quase,20000,7,0.183170400
mergesort,quase,20000,7,0.000950700
heapsort,quase,20000,7,0.001920200
quicksort,quase,20000,7,0.001232200
quicksort_aleatorio,quase,20000,7,0.000995500
quicksort_mm,quase,20000,7,0.003519600
insertion_sort,quase,20000,8,0.008276100
selection_sort,quase,20000,8,0.182600300
mergesort,quase,20000,8,0.000755600
heapsort,quase,20000,8,0.001733700
quicksort,quase,20000,8,0.001497900
quicksort_aleatorio,quase,20000,8,0.000986000
quicksort_mm,quase,20000,8,0.003585900
insertion_sort,quase,20000,9,0.007686900
selection_sort,quase,20000,9,0.215227700
mergesort,quase,20000,9,0.000787100
heapsort,quase,20000,9,0.001571700
quicksort,quase,20000,9,0.001728500
quicksort_aleatorio,quase,20000,9,0.001011100
quicksort_mm,quase,20000,9,0.003627200
insertion_sort,quase,50000,0,0.049071200
selection_sort,quase,50000,0,1.145172700
mergesort,quase,50000,0,0.001985000
heapsort,quase,50000,0,0.004208300
quicksort,quase,50000,0,0.004237600
quicksort_aleatorio,quase,50000,0,0.002607900
quicksort_mm,quase,50000,0,0.009786400
insertion_sort,quase,50000,1,0.049151800
selection_sort,quase,50000,1,1.158732300
mergesort,quase,50000,1,0.002117400
heapsort,quase,50000,1,0.004258600
quicksort,quase,50000,1,0.003797000
quicksort_aleatorio,quase,50000,1,0.002558900
quicksort_mm,quase,50000,1,0.011112000
insertion_sort,quase,50000,2,0.052216800
selection_sort,quase,50000,2,1.148555500
mergesort,quase,50000,2,0.001981100
heapsort,quase,50000,2,0.004046000
quicksort,quase,50000,2,0.005146400
quicksort_aleatorio,quase,50000,2,0.002610200
quicksort_mm,quase,50000,2,0.009903200
insertion_sort,quase,50000,3,0.052603400
selection_sort,quase,50000,3,1.142630900
mergesort,quase,50000,3,0.002138400
heapsort,quase,50000,3,0.004272100
quicksort,quase,50000,3,0.005362100
quicksort_aleatorio,quase,50000,3,0.002708900
quicksort_mm,quase,50000,3,0.009929200
insertion_sort,quase,50000,4,0.049019000
selection_sort,quase,50000,4,1.169747800
mergesort,quase,50000,4,0.002031900
heapsort,quase,50000,4,0.004085000
quicksort,quase,50000,4,0.003629500
quicksort_aleatorio,quase,50000,4,0.002839300
quicksort_mm,quase,50000,4,0.009966900
insertion_sort,quase,50000,5,0.049314000
selection_sort,quase,50000,5,1.155676700
mergesort,quase,50000,5,0.002248200
heapsort,quase,50000,5,0.004599700
quicksort,quase,50000,5,0.004157300
quicksort_aleatorio,quase,50000,5,0.002938800
quicksort_mm,quase,50000,5,0.010381700
insertion_sort,quase,50000,6,0.047642500
selection_sort,quase,50000,6,1.146611000
mergesort,quase,50000,6,0.002116900
heapsort,quase,50000,6,0.004254100
quicksort,quase,50000,6,0.003834700
quicksort_aleatorio,quase,50000,6,0.002685600
quicksort_mm,quase,50000,6,0.010049100
insertion_sort,quase,50000,7,0.049494000
selection_sort,quase,50000,7,1.166043500
mergesort,quase,50000,7,0.002207300
heapsort,quase,50000,7,0.004027100
quicksort,quase,50000,7,0.005322900
quicksort_aleatorio,quase,50000,7,0.002609100
quicksort_mm,quase,50000,7,0.010122400
insertion_sort,quase,50000,8,0.048986300
selection_sort,quase,50000,8,1.145565500
mergesort,quase,50000,8,0.002225500
heapsort,quase,50000,8,0.004130300
quicksort,quase,50000,8,0.003268100
quicksort_aleatorio,quase,50000,8,0.002772900
quicksort_mm,quase,50000,8,0.009859900
insertion_sort,quase,50000,9,0.048603500
selection_sort,quase,50000,9,1.167526700
mergesort,quase,50000,9,0.002029200
heapsort,quase,50000,9,0.004266900
quicksort,quase,50000,9,0.004104300
quicksort_aleatorio,quase,50000,9,0.002757500
quicksort_mm,quase,50000,9,0.011065800
mergesort,quase,100000,0,0.004642400
heapsort,quase,100000,0,0.009381200
quicksort_aleatorio,quase,100000,0,0.005686900
quicksort_mm,quase,100000,0,0.021398500
mergesort,quase,100000,1,0.004126300
heapsort,quase,100000,1,0.008768800
quicksort_aleatorio,quase,100000,1,0.005514100
quicksort_mm,quase,100000,1,0.021123500
mergesort,quase,100000,2,0.004808300
heapsort,quase,100000,2,0.009924800
quicksort_aleatorio,quase,100000,2,0.006125200
quicksort_mm,quase,100000,2,0.022319500
mergesort,quase,100000,3,0.004255400
heapsort,quase,100000,3,0.012116300
quicksort_aleatorio,quase,100000,3,0.005462800
quicksort_mm,quase,100000,3,0.021359500
mergesort,quase,100000,4,0.004150600
heapsort,quase,100000,4,0.008745300
quicksort_aleatorio,quase,100000,4,0.005411800
quicksort_mm,quase,100000,4,0.021233400
mergesort,quase,100000,5,0.004212300
heapsort,quase,100000,5,0.009176900
quicksort_aleatorio,quase,100000,5,0.006004400
quicksort_mm,quase,100000,5,0.023266100
mergesort,quase,100000,6,0.004631200
heapsort,quase,100000,6,0.009635000
quicksort_aleatorio,quase,100000,6,0.005959500
quicksort_mm,quase,100000,6,0.021664200
mergesort,quase,100000,7,0.004622100
heapsort,quase,100000,7,0.008878300
quicksort_aleatorio,quase,100000,7,0.005433400
quicksort_mm,quase,100000,7,0.021177700
mergesort,quase,100000,8,0.004416300
heapsort,quase,100000,8,0.008712400
quicksort_aleatorio,quase,100000,8,0.005368600
quicksort_mm,quase,100000,8,0.021031600
mergesort,quase,100000,9,0.004466400
heapsort,quase,100000,9,0.008618400
quicksort_aleatorio,quase,100000,9,0.005851700
quicksort_mm,quase,100000,9,0.023019500
mergesort,quase,200000,0,0.010267700
heapsort,quase,200000,0,0.018101400
quicksort_aleatorio,quase,200000,0,0.011386200
quicksort_mm,quase,200000,0,0.045474700
mergesort,quase,200000,1,0.009588300
heapsort,quase,200000,1,0.018140100
quicksort_aleatorio,quase,200000,1,0.012230700
quicksort_mm,quase,200000,1,0.048045900
mergesort,quase,200000,2,0.010057700
heapsort,quase,200000,2,0.020110600
quicksort_aleatorio,quase,200000,2,0.012562600
quicksort_mm,quase,200000,2,0.046182700
mergesort,quase,200000,3,0.009861800
heapsort,quase,200000,3,0.018515700
quicksort_aleatorio,quase,200000,3,0.011422700
quicksort_mm,quase,200000,3,0.045744100
mergesort,quase,200000,4,0.009996800
heapsort,quase,200000,4,0.022575900
quicksort_aleatorio,quase,200000,4,0.012529600
quicksort_mm,quase,200000,4,0.047490700
mergesort,quase,200000,5,0.009354700
heapsort,quase,200000,5,0.018579400
quicksort_aleatorio,quase,200000,5,0.011326900
quicksort_mm,quase,200000,5,0.045802200
mergesort,quase,200000,6,0.009393900
heapsort,quase,200000,6,0.018465000
quicksort_aleatorio,quase,200000,6,0.011452500
quicksort_mm,quase,200000,6,0.045922000
mergesort,quase,200000,7,0.009240100
heapsort,quase,200000,7,0.018327800
quicksort_aleatorio,quase,200000,7,0.011336700
quicksort_mm,quase,200000,7,0.045588900
mergesort,quase,200000,8,0.009132800
heapsort,quase,200000,8,0.018219100
quicksort_aleatorio,quase,200000,8,0.011227700
quicksort_mm,quase,200000,8,0.044875500
mergesort,quase,200000,9,0.009258700
heapsort,quase,200000,9,0.018302700
quicksort_aleatorio,quase,200000,9,0.011565400
quicksort_mm,quase,200000,9,0.045961200
mergesort,quase,500000,0,0.024783800
heapsort,quase,500000,0,0.048584300
quicksort_aleatorio,quase,500000,0,0.030163700
quicksort_mm,quase,500000,0,0.124237800
mergesort,quase,500000,1,0.024663400
heapsort,quase,500000,1,0.049151600
quicksort_aleatorio,quase,500000,1,0.029762100
quicksort_mm,quase,500000,1,0.125771900
mergesort,quase,500000,2,0.024292800
heapsort,quase,500000,2,0.050216700
quicksort_aleatorio,quase,500000,2,0.034014300
quicksort_mm,quase,500000,2,0.122919700
mergesort,quase,500000,3,0.024185800
heapsort,quase,500000,3,0.048616400
quicksort_aleatorio,quase,500000,3,0.029330100
quicksort_mm,quase,500000,3,0.125573900
mergesort,quase,500000,4,0.025207800
heapsort,quase,500000,4,0.048445700
quicksort_aleatorio,quase,500000,4,0.030177100
quicksort_mm,quase,500000,4,0.123154000
mergesort,quase,500000,5,0.024147400
heapsort,quase,500000,5,0.049364200
quicksort_aleatorio,quase,500000,5,0.029864400
quicksort_mm,quase,500000,5,0.126548700
mergesort,quase,500000,6,0.025456800
heapsort,quase,500000,6,0.048104700
quicksort_aleatorio,quase,500000,6,0.029783900
quicksort_mm,quase,500000,6,0.125155400
mergesort,quase,500000,7,0.024387900
heapsort,quase,500000,7,0.049671500
quicksort_aleatorio,quase,500000,7,0.030829600
quicksort_mm,quase,500000,7,0.124469700
mergesort,quase,500000,8,0.024134400
heapsort,quase,500000,8,0.049043800
quicksort_aleatorio,quase,500000,8,0.029516700
quicksort_mm,quase,500000,8,0.123036200
mergesort,quase,500000,9,0.025265800
heapsort,quase,500000,9,0.051668300
quicksort_aleatorio,quase,500000,9,0.030936400
quicksort_mm,quase,500000,9,0.124256500
mergesort,quase,1000000,0,0.052204500
heapsort,quase,1000000,0,0.108460300
quicksort_aleatorio,quase,1000000,0,0.061502600
quicksort_mm,quase,1000000,0,0.261657200
mergesort,quase,1000000,1,0.050693600
heapsort,quase,1000000,1,0.105823500
quicksort_aleatorio,quase,1000000,1,0.063590200
quicksort_mm,quase,1000000,1,0.264621300
mergesort,quase,1000000,2,0.052047500
heapsort,quase,1000000,2,0.108243600
quicksort_aleatorio,quase,1000000,2,0.066499500
quicksort_mm,quase,1000000,2,0.267566200
mergesort,quase,1000000,3,0.051200800
heapsort,quase,1000000,3,0.102794300
quicksort_aleatorio,quase,1000000,3,0.061835000
quicksort_mm,quase,1000000,3,0.264227100
mergesort,quase,1000000,4,0.053283600
heapsort,quase,1000000,4,0.105302100
quicksort_aleatorio,quase,1000000,4,0.061556600
quicksort_mm,quase,1000000,4,0.273064800
mergesort,quase,1000000,5,0.052204500
heapsort,quase,1000000,5,0.102992500
quicksort_aleatorio,quase,1000000,5,0.066741800
quicksort_mm,quase,1000000,5,0.276281000
mergesort,quase,1000000,6,0.052542200
heapsort,quase,1000000,6,0.110490400
quicksort_aleatorio,quase,1000000,6,0.064719700
quicksort_mm,quase,1000000,6,0.264330200
mergesort,quase,1000000,7,0.054022900
heapsort,quase,1000000,7,0.105669800
quicksort_aleatorio,quase,1000000,7,0.061942300
quicksort_mm,quase,1000000,7,0.266290300
mergesort,quase,1000000,8,0.050851000
heapsort,quase,1000000,8,0.105578900
quicksort_aleatorio,quase,1000000,8,0.062837400
quicksort_mm,quase,1000000,8,0.264273400
mergesort,quase,1000000,9,0.051910300
heapsort,quase,1000000,9,0.106771300
quicksort_aleatorio,quase,1000000,9,0.061108500
quicksort_mm,quase,1000000,9,0.264618100
