algoritmo,entrada,n,mean,std,count,ic95,cv_%
heapsort,aleatorio,1000,9073.0,18.881207588499063,5,16.55010815674616,0.20810324686982323
heapsort,aleatorio,2000,20181.2,25.28240494889691,5,22.16100503136095,0.12527701498868704
heapsort,aleatorio,5000,57068.0,63.50984175700678,5,55.66883077629736,0.11128801036834439
heapsort,aleatorio,10000,124239.0,109.91587692412887,5,96.34551406267022,0.08847131490444132
heapsort,aleatorio,20000,268348.6,107.9620303625244,5,94.63289204076432,0.040232008053153405
heapsort,aleatorio,50000,737547.6,125.43843111263598,5,109.95163271184123,0.017007503124223576
heapsort,aleatorio,100000,1574989.4,186.14322442676288,5,163.1617301207425,0.011818696965628017
heapsort,aleatorio,200000,3349957.6,482.63578400284297,5,423.04891719047083,0.014407220676549547
heapsort,aleatorio,500000,9024079.0,729.1042449470623,5,639.0880485190331,0.008079541911668351
heapsort,aleatorio,1000000,19048259.6,541.0792917861655,5,474.2769104393134,0.0028405707563234047
heapsort,aleatorio,2000000,40096690.6,1675.6226603866635,5,1468.7480199193405,0.004178955009286137
heapsort,aleatorio,5000000,106915998.6,1940.1603799671707,5,1700.6255547684984,0.0018146586155228322
heapsort,aleatorio,10000000,223834852.8,2811.2574944321595,5,2464.1758410439697,0.0012559516354426104
heapsort,inverso,1000,8316.0,0.0,5,0.0,0.0
heapsort,inverso,2000,18708.0,0.0,5,0.0,0.0
heapsort,inverso,5000,53436.0,0.0,5,0.0,0.0
heapsort,inverso,10000,116696.0,0.0,5,0.0,0.0
heapsort,inverso,20000,254334.0,0.0,5,0.0,0.0
heapsort,inverso,50000,698892.0,0.0,5,0.0,0.0
heapsort,inverso,100000,1497434.0,0.0,5,0.0,0.0
heapsort,inverso,200000,3195728.0,0.0,5,0.0,0.0
heapsort,inverso,500000,8668450.0,0.0,5,0.0,0.0
heapsort,inverso,1000000,18333408.0,0.0,5,0.0,0.0
heapsort,inverso,2000000,38652416.0,0.0,5,0.0,0.0
heapsort,inverso,5000000,103556132.0,0.0,5,0.0,0.0
heapsort,inverso,10000000,216912428.0,0.0,5,0.0,0.0
heapsort,ordenado,1000,9708.0,0.0,5,0.0,0.0
heapsort,ordenado,2000,21300.0,0.0,5,0.0,0.0
heapsort,ordenado,5000,60932.0,0.0,5,0.0,0.0
heapsort,ordenado,10000,131956.0,0.0,5,0.0,0.0
heapsort,ordenado,20000,282878.0,0.0,5,0.0,0.0
heapsort,ordenado,50000,773304.0,0.0,5,0.0,0.0
heapsort,ordenado,100000,1650854.0,0.0,5,0.0,0.0
heapsort,ordenado,200000,3499160.0,0.0,5,0.0,0.0
heapsort,ordenado,500000,9355700.0,0.0,5,0.0,0.0
heapsort,ordenado,1000000,19787792.0,0.0,5,0.0,0.0
heapsort,ordenado,2000000,41729744.0,0.0,5,0.0,0.0
heapsort,ordenado,5000000,110998916.0,0.0,5,0.0,0.0
heapsort,ordenado,10000000,231881708.0,0.0,5,0.0,0.0
heapsort,quase,1000,9642.4,9.736529155710617,5,8.534444094374408,0.10097620048650355
heapsort,quase,2000,21329.2,19.214577799160903,5,16.842320030209773,0.09008578755490548
heapsort,quase,5000,60392.0,25.099800796022357,5,22.000945434230854,0.041561466412806926
heapsort,quase,10000,130851.0,32.0624390837628,5,28.103966979769957,0.024503014179305314
heapsort,quase,20000,281766.8,50.92347199474454,5,44.63639125197779,0.018072914195265213
heapsort,quase,50000,771206.4,91.33892926895537,5,80.06210149627232,0.011843642540953415
heapsort,quase,100000,1642706.4,76.03157238937827,5,66.6446116051476,0.004628433443089908
heapsort,quase,200000,3486353.6,60.68607748074991,5,53.19369225763218,0.0017406747692130227
heapsort,quase,500000,9353286.4,250.00559993724238,5,219.1395703563941,0.00267291718916297
heapsort,quase,1000000,19719020.6,141.54080683654442,5,124.06598734525865,0.0007177882193426199
heapsort,quase,2000000,41451922.0,339.30222516217015,5,297.41151342878436,0.0008185440114505913
heapsort,quase,5000000,110490732.8,686.7992428652648,5,602.0060792253108,0.0006215899066471436
heapsort,quase,10000000,231001867.8,1582.5928724728367,5,1387.20381547392,0.0006850996000790071
insertion_sort,aleatorio,1000,245381.4,3451.7620572687183,5,3025.6028440652913,1.4066926251413998
insertion_sort,aleatorio,2000,988560.4,15252.687035404611,5,13369.569659872224,1.5429190806555282
insertion_sort,aleatorio,5000,6255330.0,59177.13038412728,5,51871.04181089252,0.9460273140526124
insertion_sort,aleatorio,10000,24954335.4,127282.5228391553,5,111568.05037908013,0.5100617620101207
insertion_sort,aleatorio,20000,99974221.8,685751.0525410821,5,601087.2998965647,0.6859278723998852
insertion_sort,aleatorio,50000,624345924.4,2015443.609232305,5,1766614.2147038952,0.32280880365626763
insertion_sort,aleatorio,100000,2497295046.2,2298082.4625503845,5,2014358.0928318072,0.09202286554194922
insertion_sort,aleatorio,200000,9991095382.8,9260310.633651372,5,8117020.155286578,0.09268563935034894
insertion_sort,aleatorio,500000,62508600397.8,80445506.02676712,5,70513595.02440636,0.1286951003778968
insertion_sort,inverso,1000,499500.0,0.0,5,0.0,0.0
insertion_sort,inverso,2000,1999000.0,0.0,5,0.0,0.0
insertion_sort,inverso,5000,12497500.0,0.0,5,0.0,0.0
insertion_sort,inverso,10000,49995000.0,0.0,5,0.0,0.0
insertion_sort,inverso,20000,199990000.0,0.0,5,0.0,0.0
insertion_sort,inverso,50000,1249975000.0,0.0,5,0.0,0.0
insertion_sort,inverso,100000,4999950000.0,0.0,5,0.0,0.0
insertion_sort,inverso,200000,19999900000.0,0.0,5,0.0,0.0
insertion_sort,inverso,500000,124999750000.0,0.0,5,0.0,0.0
insertion_sort,ordenado,1000,0.0,0.0,5,0.0,
insertion_sort,ordenado,2000,0.0,0.0,5,0.0,
insertion_sort,ordenado,5000,0.0,0.0,5,0.0,
insertion_sort,ordenado,10000,0.0,0.0,5,0.0,
insertion_sort,ordenado,20000,0.0,0.0,5,0.0,
insertion_sort,ordenado,50000,0.0,0.0,5,0.0,
insertion_sort,ordenado,100000,0.0,0.0,5,0.0,
insertion_sort,ordenado,200000,0.0,0.0,5,0.0,
insertion_sort,ordenado,500000,0.0,0.0,5,0.0,
insertion_sort,ordenado,1000000,0.0,0.0,5,0.0,
insertion_sort,ordenado,2000000,0.0,0.0,5,0.0,
insertion_sort,ordenado,5000000,0.0,0.0,5,0.0,
insertion_sort,ordenado,10000000,0.0,0.0,5,0.0,
insertion_sort,quase,1000,30679.6,2562.624592093036,5,2246.2394931832177,8.352861810757103
insertion_sort,quase,2000,126971.6,10387.115807576229,5,9104.708438074003,8.18066072064637
insertion_sort,quase,5000,747208.8,15701.768664707806,5,13763.207063695,2.1013896871540867
insertion_sort,quase,10000,3088421.0,64012.073204982196,5,56109.056050276944,2.0726472590680545
insertion_sort,quase,20000,12398309.2,322757.17124364554,5,282909.13424952206,2.6032353769951597
insertion_sort,quase,50000,77618958.0,1024497.850874271,5,898011.9602440664,1.3199067306137644
insertion_sort,quase,100000,309625517.2,2400939.2320080046,5,2104516.0263854866,0.7754332568323619
insertion_sort,quase,200000,1245619081.6,7619790.144044815,5,6679040.544655911,0.6117271529155751
insertion_sort,quase,500000,7743421579.2,17532036.240614653,5,15367507.328657655,0.22641200742199483
mergesort,aleatorio,1000,19952.0,0.0,5,0.0,0.0
mergesort,aleatorio,2000,43904.0,0.0,5,0.0,0.0
mergesort,aleatorio,5000,123616.0,0.0,5,0.0,0.0
mergesort,aleatorio,10000,267232.0,0.0,5,0.0,0.0
mergesort,aleatorio,20000,574464.0,0.0,5,0.0,0.0
mergesort,aleatorio,50000,1568928.0,0.0,5,0.0,0.0
mergesort,aleatorio,100000,3337856.0,0.0,5,0.0,0.0
mergesort,aleatorio,200000,7075712.0,0.0,5,0.0,0.0
mergesort,aleatorio,500000,18951424.0,0.0,5,0.0,0.0
mergesort,aleatorio,1000000,39902848.0,0.0,5,0.0,0.0
mergesort,aleatorio,2000000,83805696.0,0.0,5,0.0,0.0
mergesort,aleatorio,5000000,223222784.0,0.0,5,0.0,0.0
mergesort,aleatorio,10000000,466445568.0,0.0,5,0.0,0.0
mergesort,inverso,1000,19952.0,0.0,5,0.0,0.0
mergesort,inverso,2000,43904.0,0.0,5,0.0,0.0
mergesort,inverso,5000,123616.0,0.0,5,0.0,0.0
mergesort,inverso,10000,267232.0,0.0,5,0.0,0.0
mergesort,inverso,20000,574464.0,0.0,5,0.0,0.0
mergesort,inverso,50000,1568928.0,0.0,5,0.0,0.0
mergesort,inverso,100000,3337856.0,0.0,5,0.0,0.0
mergesort,inverso,200000,7075712.0,0.0,5,0.0,0.0
mergesort,inverso,500000,18951424.0,0.0,5,0.0,0.0
mergesort,inverso,1000000,39902848.0,0.0,5,0.0,0.0
mergesort,inverso,2000000,83805696.0,0.0,5,0.0,0.0
mergesort,inverso,5000000,223222784.0,0.0,5,0.0,0.0
mergesort,inverso,10000000,466445568.0,0.0,5,0.0,0.0
mergesort,ordenado,1000,19952.0,0.0,5,0.0,0.0
mergesort,ordenado,2000,43904.0,0.0,5,0.0,0.0
mergesort,ordenado,5000,123616.0,0.0,5,0.0,0.0
mergesort,ordenado,10000,267232.0,0.0,5,0.0,0.0
mergesort,ordenado,20000,574464.0,0.0,5,0.0,0.0
mergesort,ordenado,50000,1568928.0,0.0,5,0.0,0.0
mergesort,ordenado,100000,3337856.0,0.0,5,0.0,0.0
mergesort,ordenado,200000,7075712.0,0.0,5,0.0,0.0
mergesort,ordenado,500000,18951424.0,0.0,5,0.0,0.0
mergesort,ordenado,1000000,39902848.0,0.0,5,0.0,0.0
mergesort,ordenado,2000000,83805696.0,0.0,5,0.0,0.0
mergesort,ordenado,5000000,223222784.0,0.0,5,0.0,0.0
mergesort,ordenado,10000000,466445568.0,0.0,5,0.0,0.0
mergesort,quase,1000,19952.0,0.0,5,0.0,0.0
mergesort,quase,2000,43904.0,0.0,5,0.0,0.0
mergesort,quase,5000,123616.0,0.0,5,0.0,0.0
mergesort,quase,10000,267232.0,0.0,5,0.0,0.0
mergesort,quase,20000,574464.0,0.0,5,0.0,0.0
mergesort,quase,50000,1568928.0,0.0,5,0.0,0.0
mergesort,quase,100000,3337856.0,0.0,5,0.0,0.0
mergesort,quase,200000,7075712.0,0.0,5,0.0,0.0
mergesort,quase,500000,18951424.0,0.0,5,0.0,0.0
mergesort,quase,1000000,39902848.0,0.0,5,0.0,0.0
mergesort,quase,2000000,83805696.0,0.0,5,0.0,0.0
mergesort,quase,5000000,223222784.0,0.0,5,0.0,0.0
mergesort,quase,10000000,466445568.0,0.0,5,0.0,0.0
quicksort,aleatorio,1000,6828.2,582.0684667631464,5,510.20550642265704,8.524478878227738
quicksort,aleatorio,2000,13633.8,1014.7306046434196,5,889.4505914462027,7.44275700570215
quicksort,aleatorio,5000,38010.6,3912.7274119212548,5,3429.6567924292362,10.293779661255689
quicksort,aleatorio,10000,86118.8,4966.199623454539,5,4353.065899568257,5.7666846535884595
quicksort,aleatorio,20000,179702.6,3885.3392129902877,5,3405.6499775895923,2.1620940448219934
quicksort,aleatorio,50000,490249.2,15129.00385683076,5,13261.156573846187,3.0859823650565383
quicksort,aleatorio,100000,1090994.4,18755.366719955106,5,16439.803772072697,1.7191075151215356
quicksort,aleatorio,200000,2299227.6,190693.18225961828,5,167149.94400427924,8.293793196446417
quicksort,aleatorio,500000,6229166.2,318306.6364689872,5,279008.06851891585,5.109939697370527
quicksort,aleatorio,1000000,13352460.2,998776.3521723469,5,875466.0725684419,7.480092336634315
quicksort,aleatorio,2000000,27704150.4,1111255.5250433178,5,974058.4145926788,4.011151791333467
quicksort,aleatorio,5000000,74132894.4,3251782.71294075,5,2850313.2201241273,4.386423515848519
quicksort,aleatorio,10000000,153358992.4,4396078.426945748,5,3853332.637251845,2.8665279799697925
quicksort,inverso,1000,250499.0,0.0,5,0.0,0.0
quicksort,inverso,2000,1000999.0,0.0,5,0.0,0.0
quicksort,inverso,5000,6252499.0,0.0,5,0.0,0.0
quicksort,inverso,10000,25004999.0,0.0,5,0.0,0.0
quicksort,inverso,20000,100009999.0,0.0,5,0.0,0.0
quicksort,inverso,50000,625024999.0,0.0,5,0.0,0.0
quicksort,inverso,100000,2500049999.0,0.0,5,0.0,0.0
quicksort,inverso,200000,10000099999.0,0.0,5,0.0,0.0
quicksort,inverso,500000,62500249999.0,0.0,5,0.0,0.0
quicksort,ordenado,1000,500499.0,0.0,5,0.0,0.0
quicksort,ordenado,2000,2000999.0,0.0,5,0.0,0.0
quicksort,ordenado,5000,12502499.0,0.0,5,0.0,0.0
quicksort,ordenado,10000,50004999.0,0.0,5,0.0,0.0
quicksort,ordenado,20000,200009999.0,0.0,5,0.0,0.0
quicksort,ordenado,50000,1250024999.0,0.0,5,0.0,0.0
quicksort,ordenado,100000,5000049999.0,0.0,5,0.0,0.0
quicksort,ordenado,200000,20000099999.0,0.0,5,0.0,0.0
quicksort,ordenado,500000,125000249999.0,0.0,5,0.0,0.0
quicksort,quase,1000,20150.6,3766.2641038567654,5,3301.2760425168935,18.690580448506573
quicksort,quase,2000,42845.2,10000.347353967261,5,8765.69094097573,23.340648086523725
quicksort,quase,5000,135759.0,60763.47844717253,5,53261.53719603068,44.758342686063195
quicksort,quase,10000,249578.8,79816.17854921393,5,69961.96516859872,31.980351916594653
quicksort,quase,20000,665152.6,223750.17061401316,5,196125.67185628283,33.63892295001375
quicksort,quase,50000,2099960.6,677631.8551937328,5,593970.5096375323,32.26878900460003
quicksort,quase,100000,3684493.2,712359.6295911217,5,624410.746027389,19.33399224596538
quicksort,quase,200000,6005481.4,1386072.064830433,5,1214945.7326003427,23.080115855998372
quicksort,quase,500000,18758870.6,7065640.65629758,5,6193307.102330505,37.665597289730115
quicksort,quase,1000000,45494348.2,12849794.460150762,5,11263341.452640546,28.2448149463778
quicksort,quase,2000000,86929195.6,15663004.958983025,5,13729229.17751932,18.018117907193687
quicksort,quase,5000000,199355770.2,17908006.60740288,5,15697059.885341944,8.982938687672297
quicksort,quase,10000000,500664598.4,45002256.0811979,5,39446216.66545743,8.988503725850393
quicksort_aleatorio,aleatorio,1000,6884.6,429.6775535212423,5,376.6289814870864,6.24114042241005
quicksort_aleatorio,aleatorio,2000,14980.8,1194.8887814353266,5,1047.3661960097813,7.976134661936122
quicksort_aleatorio,aleatorio,5000,43787.4,2798.188664118272,5,2452.720506200411,6.390396927239963
quicksort_aleatorio,aleatorio,10000,88269.4,8569.963728044595,5,7511.904412561172,9.70887275550145
quicksort_aleatorio,aleatorio,20000,193194.4,8855.486254294565,5,7762.175941459713,4.583717879138611
quicksort_aleatorio,aleatorio,50000,519608.8,10568.25852257598,5,9263.487028426383,2.0338875174123263
quicksort_aleatorio,aleatorio,100000,1136731.0,38354.968126697735,5,33619.61187440449,3.374146401100853
quicksort_aleatorio,aleatorio,200000,2524068.0,99503.1109388043,5,87218.32225249277,3.9421723558479527
quicksort_aleatorio,aleatorio,500000,6576201.4,123304.56343258338,5,108081.21522230696,1.8750119701714636
quicksort_aleatorio,aleatorio,1000000,13639795.4,388457.23377265094,5,340497.77817833243,2.8479696533618895
quicksort_aleatorio,aleatorio,2000000,28946055.4,784113.754095858,5,687306.0092503498,2.7088794768763487
quicksort_aleatorio,aleatorio,5000000,77676290.0,1237696.9644951462,5,1084889.2228772657,1.5934038102169221
quicksort_aleatorio,aleatorio,10000000,158309254.8,3672140.3504375606,5,3218772.9350273274,2.319599290058411
quicksort_aleatorio,inverso,1000,6850.0,739.7492818516286,5,648.418834766542,10.79925958907487
quicksort_aleatorio,inverso,2000,15657.4,2316.8108036695617,5,2030.774207620335,14.796906278625835
quicksort_aleatorio,inverso,5000,41955.6,1056.0837088034266,5,925.6981854233054,2.517146003878926
quicksort_aleatorio,inverso,10000,88759.8,7049.457617434123,5,6179.12204333787,7.942173841574815
quicksort_aleatorio,inverso,20000,196586.0,12223.474853739423,5,10714.348112134494,6.217876580091879
quicksort_aleatorio,inverso,50000,532199.6,26503.316760360387,5,23231.181418907126,4.979958038367633
quicksort_aleatorio,inverso,100000,1137533.2,34160.59600914481,5,29943.082612715476,3.0030416702690355
quicksort_aleatorio,inverso,200000,2506720.8,146546.21769496475,5,128453.4234076781,5.846132433056157
quicksort_aleatorio,inverso,500000,6580510.0,344046.18406690686,5,301569.77674941946,5.228260181458684
quicksort_aleatorio,inverso,1000000,13263182.2,451175.63518235344,5,395472.88090328005,3.4017148251371636
quicksort_aleatorio,inverso,2000000,28422808.0,549495.4680158886,5,481654.0141661426,1.933290574301767
quicksort_aleatorio,inverso,5000000,76382739.4,1695467.2183092504,5,1486142.5418746881,2.219699413280339
quicksort_aleatorio,inverso,10000000,160625305.6,5699601.794091218,5,4995921.246056947,3.54838347096114
quicksort_aleatorio,ordenado,1000,6554.4,313.16896397951064,5,274.5047000253366,4.777995910831055
quicksort_aleatorio,ordenado,2000,14754.8,627.4509542585779,5,549.9850106175621,4.252520903425176
quicksort_aleatorio,ordenado,5000,42529.8,3526.0169029657254,5,3090.690086059099,8.290697118175315
quicksort_aleatorio,ordenado,10000,92432.4,8259.043183081196,5,7239.370538698511,8.935225292301396
quicksort_aleatorio,ordenado,20000,191683.0,16748.14561376871,5,14680.396899065092,8.737418348924374
quicksort_aleatorio,ordenado,50000,533658.0,35271.200978985675,5,30916.57079053108,6.609326755897162
quicksort_aleatorio,ordenado,100000,1114795.6,40796.567831130145,5,35759.768376282555,3.659555871150742
quicksort_aleatorio,ordenado,200000,2386189.2,89989.24603640147,5,78879.0519814881,3.771253597007373
quicksort_aleatorio,ordenado,500000,6293894.6,268068.97924470855,5,234972.82041805823,4.259190791735034
quicksort_aleatorio,ordenado,1000000,14109165.6,577185.8440219233,5,505925.69889037544,4.090857392884546
quicksort_aleatorio,ordenado,2000000,28180975.6,922906.899088039,5,808963.5647996423,3.274928846281812
quicksort_aleatorio,ordenado,5000000,76997828.8,3088765.0312391357,5,2707421.9219389874,4.011496271228801
quicksort_aleatorio,ordenado,10000000,169990521.2,11481237.926964657,5,10063748.760452362,6.7540459585135135
quicksort_aleatorio,quase,1000,6511.2,353.46244496410077,5,309.82349333773897,5.42852999391972
quicksort_aleatorio,quase,2000,15260.6,694.5317127388786,5,608.7838879076877,4.551142895684826
quicksort_aleatorio,quase,5000,43707.4,2788.9710109644384,5,2444.6408769747754,6.38100415710941
quicksort_aleatorio,quase,10000,86106.0,2841.274713926831,5,2490.4870940119313,3.2997406846524413
quicksort_aleatorio,quase,20000,186405.6,7780.650891795623,5,6820.041206873753,4.174043532917263
quicksort_aleatorio,quase,50000,517310.6,31855.736097287096,5,27922.783823636495,6.157951547346429
quicksort_aleatorio,quase,100000,1129071.2,45115.01483652644,5,39545.05407231079,3.995763494501183
quicksort_aleatorio,quase,200000,2367125.6,67283.2743874732,5,58976.39030943096,2.8424040696223805
quicksort_aleatorio,quase,500000,6425694.2,243291.8977662429,5,213254.75093785737,3.786235233015647
quicksort_aleatorio,quase,1000000,13571364.6,554679.732577097,5,486198.2224112471,4.087133084443822
quicksort_aleatorio,quase,2000000,28455977.4,940798.0481834562,5,824645.8484242335,3.30615264047636
quicksort_aleatorio,quase,5000000,77792181.0,3599065.9665583367,5,3154720.4134383267,4.6265137707841575
quicksort_aleatorio,quase,10000000,161281652.6,5514974.654907791,5,4834088.423244407,3.4194680957205112
quicksort_mm,aleatorio,1000,18615.8,210.33235604633,5,184.36443882701485,1.1298593455362114
quicksort_mm,aleatorio,2000,42127.4,223.30315716532087,5,195.73384729269486,0.5300663159020516
quicksort_mm,aleatorio,5000,122709.4,795.1108727718405,5,696.9454087774726,0.6479624810909682
quicksort_mm,aleatorio,10000,269421.0,1809.3654965208088,5,1585.9787845743695,0.6715755254864353
quicksort_mm,aleatorio,20000,595348.2,2304.0718738789305,5,2019.6080433351353,0.3870124867899039
quicksort_mm,aleatorio,50000,1663261.0,5254.9423403116425,5,4606.160049985237,0.3159421365805873
quicksort_mm,aleatorio,100000,3581801.4,17806.522156221283,5,15608.104841793433,0.49713873461050306
quicksort_mm,aleatorio,200000,7757315.6,24161.420825357105,5,21178.419124203203,0.31146626063991917
quicksort_mm,aleatorio,500000,21193926.4,21917.09033608187,5,19211.176713309247,0.10341212818443057
quicksort_mm,aleatorio,1000000,45112931.0,212889.14678536338,5,186605.5647225293,0.471902716286298
quicksort_mm,aleatorio,2000000,95634207.0,110696.72517062101,5,97029.95772830326,0.11575013652868059
quicksort_mm,aleatorio,5000000,257397449.0,401834.31318890455,5,352223.30527307367,0.15611433398040572
quicksort_mm,aleatorio,10000000,541629876.8,1423425.0099210516,5,1247687.032558259,0.2628040052610797
quicksort_mm,inverso,1000,19941.0,0.0,5,0.0,0.0
quicksort_mm,inverso,2000,44884.0,0.0,5,0.0,0.0
quicksort_mm,inverso,5000,130470.0,0.0,5,0.0,0.0
quicksort_mm,inverso,10000,291101.0,0.0,5,0.0,0.0
quicksort_mm,inverso,20000,633975.0,0.0,5,0.0,0.0
quicksort_mm,inverso,50000,1754228.0,0.0,5,0.0,0.0
quicksort_mm,inverso,100000,3796552.0,0.0,5,0.0,0.0
quicksort_mm,inverso,200000,8124448.0,0.0,5,0.0,0.0
quicksort_mm,inverso,500000,22176577.0,0.0,5,0.0,0.0
quicksort_mm,inverso,1000000,47456252.0,0.0,5,0.0,0.0
quicksort_mm,inverso,2000000,100017861.0,0.0,5,0.0,0.0
quicksort_mm,inverso,5000000,269005001.0,0.0,5,0.0,0.0
quicksort_mm,inverso,10000000,564819304.0,0.0,5,0.0,0.0
quicksort_mm,ordenado,1000,15885.0,0.0,5,0.0,0.0
quicksort_mm,ordenado,2000,36448.0,0.0,5,0.0,0.0
quicksort_mm,ordenado,5000,106330.0,0.0,5,0.0,0.0
quicksort_mm,ordenado,10000,238262.0,0.0,5,0.0,0.0
quicksort_mm,ordenado,20000,524874.0,0.0,5,0.0,0.0
quicksort_mm,ordenado,50000,1477525.0,0.0,5,0.0,0.0
quicksort_mm,ordenado,100000,3202908.0,0.0,5,0.0,0.0
quicksort_mm,ordenado,200000,6907667.0,0.0,5,0.0,0.0
quicksort_mm,ordenado,500000,18979620.0,0.0,5,0.0,0.0
quicksort_mm,ordenado,1000000,40695662.0,0.0,5,0.0,0.0
quicksort_mm,ordenado,2000000,86568735.0,0.0,5,0.0,0.0
quicksort_mm,ordenado,5000000,235155679.0,0.0,5,0.0,0.0
quicksort_mm,ordenado,10000000,495477977.0,0.0,5,0.0,0.0
quicksort_mm,quase,1000,16122.4,107.06913654270332,5,93.85023609986304,0.6641017251941604
quicksort_mm,quase,2000,37385.4,265.25704514677824,5,232.50805150789927,0.7095204147789732
quicksort_mm,quase,5000,108826.0,1374.9534537576164,5,1205.1998402920563,1.2634420577413636
quicksort_mm,quase,10000,244487.0,1919.6420239200813,5,1682.640422716627,0.7851714094901083
quicksort_mm,quase,20000,540354.2,3082.458872393934,5,2701.8943299959133,0.5704515431533491
quicksort_mm,quase,50000,1528374.0,5527.5324965123455,5,4845.095856735963,0.36166098720027595
quicksort_mm,quase,100000,3310572.2,14107.319632020844,5,12365.610865586243,0.4261293450123469
quicksort_mm,quase,200000,7171191.4,18168.52683351067,5,15925.415931897474,0.253354370565408
quicksort_mm,quase,500000,19619768.8,102817.76015698844,5,90123.74039407587,0.5240518438575507
quicksort_mm,quase,1000000,42007406.4,126513.74635311424,5,110894.18807802198,0.3011700964073665
quicksort_mm,quase,2000000,89303840.0,200647.89475596338,5,175875.63422889062,0.22468003028309128
quicksort_mm,quase,5000000,241003889.8,726210.9407184661,5,636551.9555446196,0.3013274770465825
quicksort_mm,quase,10000000,509681942.4,1158634.4018784713,5,1015587.8311986681,0.22732498554346886
selection_sort,aleatorio,1000,999.0,0.0,5,0.0,0.0
selection_sort,aleatorio,2000,1999.0,0.0,5,0.0,0.0
selection_sort,aleatorio,5000,4999.0,0.0,5,0.0,0.0
selection_sort,aleatorio,10000,9999.0,0.0,5,0.0,0.0
selection_sort,aleatorio,20000,19999.0,0.0,5,0.0,0.0
selection_sort,aleatorio,50000,49999.0,0.0,5,0.0,0.0
selection_sort,aleatorio,100000,99999.0,0.0,5,0.0,0.0
selection_sort,aleatorio,200000,199999.0,0.0,5,0.0,0.0
selection_sort,aleatorio,500000,499999.0,0.0,5,0.0,0.0
selection_sort,inverso,1000,999.0,0.0,5,0.0,0.0
selection_sort,inverso,2000,1999.0,0.0,5,0.0,0.0
selection_sort,inverso,5000,4999.0,0.0,5,0.0,0.0
selection_sort,inverso,10000,9999.0,0.0,5,0.0,0.0
selection_sort,inverso,20000,19999.0,0.0,5,0.0,0.0
selection_sort,inverso,50000,49999.0,0.0,5,0.0,0.0
selection_sort,inverso,100000,99999.0,0.0,5,0.0,0.0
selection_sort,inverso,200000,199999.0,0.0,5,0.0,0.0
selection_sort,inverso,500000,499999.0,0.0,5,0.0,0.0
selection_sort,ordenado,1000,999.0,0.0,5,0.0,0.0
selection_sort,ordenado,2000,1999.0,0.0,5,0.0,0.0
selection_sort,ordenado,5000,4999.0,0.0,5,0.0,0.0
selection_sort,ordenado,10000,9999.0,0.0,5,0.0,0.0
selection_sort,ordenado,20000,19999.0,0.0,5,0.0,0.0
selection_sort,ordenado,50000,49999.0,0.0,5,0.0,0.0
selection_sort,ordenado,100000,99999.0,0.0,5,0.0,0.0
selection_sort,ordenado,200000,199999.0,0.0,5,0.0,0.0
selection_sort,ordenado,500000,499999.0,0.0,5,0.0,0.0
selection_sort,quase,1000,999.0,0.0,5,0.0,0.0
selection_sort,quase,2000,1999.0,0.0,5,0.0,0.0
selection_sort,quase,5000,4999.0,0.0,5,0.0,0.0
selection_sort,quase,10000,9999.0,0.0,5,0.0,0.0
selection_sort,quase,20000,19999.0,0.0,5,0.0,0.0
selection_sort,quase,50000,49999.0,0.0,5,0.0,0.0
selection_sort,quase,100000,99999.0,0.0,5,0.0,0.0
selection_sort,quase,200000,199999.0,0.0,5,0.0,0.0
selection_sort,quase,500000,499999.0,0.0,5,0.0,0.0
